Serial Number,Credit Card Name,Movie Benefit,image
1,Makemytrip ICICI Bank Signature Credit Card,"Movie Tickets: 25% discount, maximum of up to INR 150 on the purchase of a minimum of two tickets per transaction.","https://static.wixstatic.com/media/f836e8_5f095d9b5541483d965397444e0c81e8~mv2.webp/v1/fill/w_254,h_169,al_c,lg_1,q_80,enc_avif,quality_auto/MakeMyTrip%20ICICI%20Bank%20Signature%20Credit%20Card.webp"
2,RBL Bank Platinum Edge Credit Card,Users can get a 1+1 free movie ticket offer on Bookmyshow of up to INR 200 once a month,https://tse3.mm.bing.net/th?id=OIP.LlxJmKxRB5yZ84BcGo6AwQAAAA&pid=Api&P=0&h=180
3,RBL Bank Platinum Plus Credit Card  ,"Users will get a 1+1 Bookmyshow offer on movie tickets (up to Rs 200), on any 1 Day of the month (Applicable only on Mon-Fri).","https://static.wixstatic.com/media/2a565f_8192af93b621422ebba5d3116b11875f~mv2.webp/v1/fill/w_345,h_230,al_c,lg_1,q_80,enc_avif,quality_auto/credit-card-bill-payment-1.webp"
4,DBS Spark5 Credit Card,INR 200 off on the second ticket booked on bookmyshow,https://static.bankbazaar.com/images/india/infographic/dbs-bank-spark-credit-card.webp
5,Indusind Bank Nexxt Credit Card,Movie benefit:Get two complimentary movie tickets upto INR 200/- every month in a calendar year on booking via BookMyShow.,"https://static.wixstatic.com/media/257766_85c14d3012a44444ab5408a9ad8b4376~mv2.jpg/v1/fill/w_345,h_230,al_c,q_80,usm_0.66_1.00_0.01,enc_avif,quality_auto/nexxt-credit-card.jpg"
6,Paytm HDFC Bank Credit Card,Reward System: Users will receive 3% cashback on making purchases on the Paytm app [recharge + utility bill payment + movie tickets + Mini App]. Maximum cashback is capped at INR 500 per month.,"https://static.wixstatic.com/media/f836e8_a946a082f71d441a8842a7d26aa4dac5~mv2.webp/v1/fill/w_254,h_169,al_c,lg_1,q_80,enc_avif,quality_auto/HDFC%20paytm%20credit%20card.webp"
7,Federal Bank Visa Imperio,"Buy One Get One offer on INOX movie tickets, once a quarter.","https://static.wixstatic.com/media/f836e8_d68be779084a4bf8b353665947a8b04c~mv2.webp/v1/fill/w_345,h_230,al_c,q_80,usm_0.66_1.00_0.01,enc_avif,quality_auto/22463805.webp"
8,DBS Spark20 Credit Card ,INR 200 on the second ticket booked on bookmyshow,"https://static.wixstatic.com/media/f836e8_d68be779084a4bf8b353665947a8b04c~mv2.webp/v1/fill/w_345,h_230,al_c,q_80,usm_0.66_1.00_0.01,enc_avif,quality_auto/22463805.webp"
9,PVR Inox Kotak Credit Card ,Other benefits: Cardholders get access to premium PVR INOX lounges.,"https://static.wixstatic.com/media/2a565f_a8db832e5fbb407bb2fed7fdf0413415~mv2.webp/v1/fill/w_75,h_48,al_c,q_80,usm_0.66_1.00_0.01,blur_2,enc_avif,quality_auto/PVR-INOX-Kotak-Credit-Card-300x190.webp"
10,RBL Bank Platinum Edge Credit Card,"Users will get a 1+1 free movie ticket (Up to INR 200) on Bookmyshow, once a month.","https://static.wixstatic.com/media/2a565f_a8db832e5fbb407bb2fed7fdf0413415~mv2.webp/v1/fill/w_420,h_266,al_c,lg_1,q_80,enc_avif,quality_auto/PVR-INOX-Kotak-Credit-Card-300x190.webp:ihttps://static.wixstatic.com/media/2a565f_a8db832e5fbb407bb2fed7fdf0413415~mv2.webp/v1/fill/w_420,h_266,al_c,lg_1,q_80,enc_avif,quality_auto/PVR-INOX-Kotak-Credit-Card-300x190.webpmage://v1/2a565f_a8db832e5fbb407bb2fed7fdf0413415~mv2.webp/PVR-INOX-Kotak-Credit-Card-300x190.webp#originWidth=300&originHeight=190"
11,RBL Bank DMI Finance Credit Card,Users can avail of a discount on movie tickets of "buy one get one" movie ticket of up to INR 200 on achieving spending of INR 5000 in a month,"https://static.wixstatic.com/media/2a565f_baea33a611ea4775b6a0181aefe30ffd~mv2.webp/v1/fill/w_379,h_238,al_c,lg_1,q_80,enc_avif,quality_auto/RBL-Bank-Platinum-Choice-Supercard.webp"
12,Yes Private Prime Credit Card,Movies: Buy One and Get One free offer is only valid on movie tickets purchased using YES Private Prime Credit Cards. Cardholders can avail up to 4 free tickets in a calendar month with a maximum cap of INR 250 per ticket.,"data:image/jpeg;base64,/9j/4AAQSkZJRgABAQAAAQABAAD/2wCEAAkGBxAQEBUQEA8VFRAVEBUPFRUVEA8VFRYVFRUXFhUVFRYYHSggGBomGxUVITEhJSkrLi4uFx8zODMtNygtLisBCgoKDQ0OERAPECsZFRkrKysrLSsrKysrKysrKysrLSsrKystKysrKysrKysrKysrKysrKysrKysrKysrKysrK//AABEIAL8BCQMBIgACEQEDEQH/xAAcAAEAAgIDAQAAAAAAAAAAAAAAAQIDBQQHCAb/xABCEAABAwIDAgsEBwcEAwAAAAABAAIDBBEFEiExQQYHEyIyUWFxcoGRgqGxshQzUpKiwtEII0JEweHwQ2JzhFN0k//EABUBAQEAAAAAAAAAAAAAAAAAAAAB/8QAFREBAQAAAAAAAAAAAAAAAAAAABH/2gAMAwEAAhEDEQA/AO8UREBERAREQEREBERAREQEREBERAREQEREBERAREQEREBERAREQEREBERAREQEREBERARFiqKhkbc8j2saNrnODQPMoMqL5+p4b4VHcPxKmBG0CoicfQErW1PGngrP59rvBHM/5WoPskXXVRx0YQ3ounf4adw+chayfj2oR0KKpd4uQb+coO2EXStTx9f+PDD7dSB7msK1tRx7Vp6FFA3xPld8LIO/EXnCfjpxd3R+js7oHH5nFayo41cbf/O5fBDAPyoPUSLyXPw8xd/SxGfyfl+UBayox2tk+srJ3d80p/qg9hS1LGdJ7W97mj4rgVHCOhj6dbA3vni/VePpJXu1c4k9pJ+KxoPWVRxg4QzpYhD7Li75QVrKnjcwZn8y53ghlPvIAXl8lfYV3Ah7aOGeESSTyBjnx2bZocwuJ2X00GpQdu1PHdhbehHUP7o2D4uWsqOPmmH1dDKfFJG34XXRlbRywPMc0bmPGuVwsbdY6x2hYLoO5qnj6l/08PYPHM4+4NC1dTx5Yk7oQ0zPYld8Xrq1EHYE/HFjLtk8bfDBH+a61dRxk4y/biEo8Ijb8rV8moQbqo4W4jJ08QqT/wBiYfArgPxOoJDjUSlwOYEzSEgjUEG+1cRQ5B6z4scTnqsKppqh2aUx2LjtcASGuPWSLXO8r6laXgXQ/R8PpobWLYGA99tVukBERAREQEREBERAXmbja4QyV2IyxF96ankNPEy/NDmc2R53FxeHa9QC9FY9iTaWlnqXbIYJJrdeRpIHmRbzXkeNkkrwOlLI/wA3PedT5koKzUb4wC6Mtadjrc09zhofVYbL6yn4PVNK2SWR4axl2mNtn8tuazKeaQ4loAIJ52y4WR/BmDlX8q50TeUaGgPjs0mOOSRvOBLrZ3AW2ZCTsQfH2UWX1s+B0UZaTMHsBkdJaUElrQ/K1oba5JMQ2i9nLLLh+FtAJkGZpaXASSPDhcEhtiSehY22CS+4IPjLJZfaBuFsaRdhkDnFrjHI9jgS5zCRbW2Zrbb8gvpdarHqilfHG2nawEAveWxcmczje2ovYXIAzOAsOrUPn7JlWXKs1PRySX5ONz8ou7K0uIHXYIOJlUZVmLd28aEKC1BhLVUtWctVS1BSnpjLIyJvSe9sY73ODR8V2zwv4QSUuSCBrDKWZiHh2XIOaGhoINyQd+7fdde8E3xMrYpJnhkbCZCXX2hpygduYj0X3eK8MqON2ZsXLPGrHhsdhcC9nHnDZrpuQcPjDpzPBR52hlRJMyPLtLTI0Z29oDi33LUy8Xbw+NraoOa6UwvcISCwhjn3yl3O6Fto2qKnhSyeqhqpYzliN2xtd3kanfmsSezsAXOn4eR3a407nvbnDHGUt5rzva0WzBoaL9httQa7EOA7IGyPdUucxlI6oH7oRvzAgNa9riSAderYepYeCHBeKsh5WTlrmo5Acm+Foa0MDi92cXcATu9FzJeHbXsLHUTHMLWxlrpHm7WG4BuLu27zu36rgR8KuRy8hTQhjJXzx52OcY3SOuQDcDTQA22AILxcFG/QaioJc6Rpe+EgODTDE8Nc9wttcMxAO5t1tazgbBHC6YR5smHvztL36VIaxzXjXeHO02aLVP4ZzuOezLckYDFZ/JOjO0Zc3SOoub7T1pPwzqX5iXNs/KHtyNsQy2UjqOgvuNtiD6SrwOgo2yTOgjkeeTpwwi7YncmHFzgT03Xv3Edt/h8Hw4SV9PC3Vr6mMW283OCfddZqjhLUOMh5X60WlaGtyvs3KCRuOWw0tsW64nqPl8ZhJ2RtfKe7Lk+Lwg9PwsytDepoHoFdEQEREBERAREQEREHXfHninI4XyIPOqJ2Rew28rz3cwN9pdG8HcQjppuWfGXua0hgBAAcdMxuDuuNm9fe8fuJ8pXQ0wOkEBeerPM7Z3hsbT7S6wsg+ixXhfPILRARD7QJdJv2Odo3adgB12r5x0jjtJPebn1RQgi6hWsgCCoCsGqwCsAgplV4nuYQ5ji1w2FpII7iFOVTlQbSPHS8ZaqJk7dmZwDZQOyRuvrr2q5winnF6Saz9vIy6O9lw2+/vWoyqLW1G3agiqpXxnLI0tPbsPcdh8lxyFuosTLm5JucPtEX++N/iHO71xKqlAPM6r5b3062u/ib70GuIUF5tbcshCxuCDCVFyruCrZBVQrWUWQVRSoQQu3/ANnKhzVVTOR0ImRA+MuJ+Ueq6hXob9nmgyYdJMdstQ4jwtDW/FrkHaqIiAiIgIiICIiAiLS8NMU+iYfU1ANnMgdk/wCRwyx/ic1B5s4Z4l9LxGqqBqHzuDT1sZaNh+6xq0qlrbADqFlnooc8jWnYTr3DU/BBibTvIuI3EdYY4j1srGjl/wDFJ/8AN/6L7mgjFxre+4A9XasuJOuQCQCB1forErr2WFzTZzS0kXsQRooAWz4RSgzNYLEtYXX1vzraG+7m+9a8BRQBWAUgK+U9W3UIKgJZXAVrIMVlBC5sFBI8Zmt5v23ENYPadorigyTGOVzbM1fZ4AOg5oJ33IHr1INZl3DasmreY8Ebxe4LSd/cuc+cNvkvl3iMFoHfIecfcuBUyl7i47SfQbgOwCw8kGCbtGu/9VhcFmk/osA6uo2QY3BUssrlRBQhQVcqLIKKFYqCgqV6t4qKDkMHpWWsXQiU98pMn515VihMjmxt6T3Bg73EAfFe0MPpxFEyIbGMawdzRZByEREBERAREQEREBdYcfeJZKKGmB1mnzuHWyEZvndH6Ls9efeO7EuWxPkgebTwMit1Pf8AvHn0dGPZQderZ4BHz3O6gB6n+y1pWelrJIr5Da+27WnZ3oPu8MYQCdOzS1uvXf7lwqh5c473XsDu9P7r5+PhFUtFs4t1GOO3ds2Ljy4rM7/UI1vzQxpHcQLq1IwYiQ6eR3U7INv8Oml9mtzbtWMBQ1XAUVkp4szg29us9QGpJ7hcrm5hKHNAtkBfH2MaOc1x7he/WD1rjs5rO1+nsg6+pH4SufQsDGFzhe4D3DrYDzGe28C/YxBxhSBv1rwzS9gM77beiNB5kLZSUsUP7xocSyNpIkym80lzE0gaaN55Guyy4eHszyOlkGYN/euH23E81ntOIHddZMVmJcIyblpc55+1K83kPlo0eHtQVpHlznVEpLxEA7nG+Z5+rZ3X1I6mlYagCMDO3PO4co4vJIbn1F273EEON/tbFznRtbaJ31cI5aYfalNgI/Lms7OetfCOWlL5DzdZZCPsjU279AB2hBNZUPELWOdq+zyAAA1g6ADRpqbu8mrVOXJqpjI9zzoXG9hsA2ADsAsPJYmR5uwDUncB/m5Bhe3QHrv6af39Fx958lyZ33OgsNgHZ+v6rA4IMblRXcqoKqFZQUFFBVioKDf8XdD9IxajjtcfSGynuivIflXrcBeb+IGh5TFjIRpDTPff/c5zWD3F3ovSKAiIgIiICIiAiIgh7gASTYAXJ7AvJuOYgaqqmqSb8rPJKOxrnEsHk3KPJejeMnE/o2F1MgNnOj5BvXmlIjBHdmJ8l5lsgqoVrKLIKqQikILALJG25t/lt6oFdp/T/P8ANyDkRNzv10btPYxo+Nves1ZUX5uwXzEdRAs1vc1unqqQkNbqbF3O2E6A80eZ19kday0rYw4OuZLc7KI3c4jYCb7L2v2XQcsnkYwP4mkPP/M5vMHsMJPieuPhoDc07tkVi0HY6Q35MduoLj2NK5Bgc8AugmcbEuLnNjaXON3uuW7z27AFSdvNa0uiiY1xflEhlJcbauDc1zYAbt/WgwzRSEcm1rnOvykhAJ57tgcewH1c5Y5/3cQiBBke7M/KQ6waSGR6b73cR4VkqqtjunJLLrexIjZ6a/ALiPq3bGAMB0swEE9hcece66DG6HL0zY/ZHS8/s+fosMspdZoFmjY0dfWesrI+At6Zy9h6X3d3nZYXyW6Onbv9UFHjL4vh/f4LjuV3LG5BQqFJUIIUKVBQVKgqxVXIO7f2b6C0dXUH+KSOEew0uPzj0XdK694iqHksHjdbWaWSc+bsg9zAuwkBERAREQEREBERB1Px+YnaKmpQem99Q7ujAY0HvMjj7C6YK+243cS5fFZQDzYWsph1c0Z3/ie4eyvi7IKWUK5UIKFSEQIJc63fsCu1ULQdoV2m2xBnZUvGx3wWZs07tjpD3F/9Fx21DxseR5lWNVIdsjvvuQcj6BM7Uxu732b732UGkA6c0Y7A4vP4AR71wyVBKDlOMDdge89uWNvoLk+oWJ9Y7YwBg/2Cx83G7j6rASqEoIcsbirOKo4oKOKxlXcVRBBUKVCCFClEFSscuxZCuXglF9Iq6eC31lRHH5F4v7roPV/Ayg+j4fSw72U0bT35Bm991uVDBYADqUoCIiAiIgIiICxVVQ2KN0jzZjGOkceoNBJPoFlXyHGxiHIYVOP4pgKYdokNnj7geg89V1U6aV8z+lJI+V3e9xcfeVx7K5CqUFSFBVioQUKhWKqgsFKoFa6CylUS6CxKglVuoJQSSqEoSqEoBKoSpJVCgqVCsoQVRSoQQoUqEEFfYcT9Dy2NU+mkYknPssIb+JzV8eu1/wBnahzVdTUEdCFkQPa92Y+5gQd9oiICIiAiIgIiIC6j4+K65pqYbBnqHd/QZ8ZF24viuMTgO7EuTkilayaMFnPDsrmE3tcagg9h2lB59IVSF9/PxT4q3YKd4/21D7/jjC1lTxdYuz+Rc7wzUp/Pf3IPkSFUrf1HBDEo+lh9R5Qvf8l1rJ8NnZ06eZnjp5mfM0IOEQqlHSsBsXtv1ZhdT3IKpdWIVSEC6XVUQTdVJUEqCUAlVJQqEEFQpUIIUKUQVUKyhBBUKSoKCpXf37PVDkw+Wa2stS77sbQ0e/MugHnReqOKyg+j4RSMIsTCJT3yEv8AzIPq0REBERAREQEREBERAREQEREGKanY/psa7xNafitbU8F8Pl+soKd3fTwn+i26IPlpuLvB3bcPiHgDo/kIWun4pMHdsgkZ4aqo+DnEL7pEHWtRxLYe7oVFSzukhd80a10/EfF/p4hIPHDG75S1dtog6Rn4j6kdDEIneKnkb7w8rXVHEvibehLSvH/LM0+hjPxXf6IPN8/FPjLf5eN/gqIvzZVrJ+L7GGbcOlPhML/leV6jRB5LqODOIR9PD6of9Wcj1DVrpqaRnTikb445G/MF7FUEX2oPGXKN+0PUKy9gz4ZTv6cEbvFEw/ELWVHAvC5OnhtMT/68Q+AQeUbKF6en4scFf/IMb4HzM+VwWum4nMHdsimZ4amb8xKDzioK7+qOI/Dz0Kmpb7cLvixcCXiIh/gxGUeKCJ3wIQdKUVG6omjgYCXyyNiAG27iB/fyXsWigEcbI29FjGsHc0AD3BfFcBOLKmwyQzl5nqLENkcwNDAduRtyAT17V92gIiICIiAiIgIiICIiAiIgIiICIiAiIgIiICIiAiIgIiICIiAiIgIiICIiAiIgIiICIiD/2Q=="
14,RBL Bank World Prime Credit Card,"BookMyShow offers 1+1 Movie tickets (up to INR 200), twice a month on any day of the week.",https://static.bankbazaar.com/images/india/infographic/dbs-bank-spark-credit-card.webp
15,HDFC Diners Club Privilege Credit Card,"Users will get 'Buy 1 Get 1 Free' on movie/non-movie weekend tickets via BookMyShow, maximum discount is INR 250/ticket, upto 2 free tickets every calendar month.","data:image/jpeg;base64,/9j/4AAQSkZJRgABAQAAAQABAAD/2wCEAAkGBxMQERUSExMWFhUXFhgVGBgXFxYbGBoYGBUaGBobGhcZHSkhGxsxGxoZIzEhJikrLi8uGB81ODMsNygtLi0BCgoKDQ0NFhAPFTclEx03Mjc3NDgtNzM3LSsyLysrNzc3NzcrKyswKzc3KzI3Nzc1LS0rMisxMjc3Kys1Ny0rMf/AABEIALMBGgMBIgACEQEDEQH/xAAcAAEAAgMBAQEAAAAAAAAAAAAABQYBBAcDAgj/xABGEAACAQIEAwQFCgQEBQQDAAABAgMAEQQSITEFE0EGIlFhMlNxoaIHFRYjQlKBkdHSFDNiciQ0Q7GCg7O0wUSywsM1Y5L/xAAYAQEBAQEBAAAAAAAAAAAAAAAAAQIFBP/EAB8RAQEAAQIHAAAAAAAAAAAAAAABAjFRAwQRIjJBcf/aAAwDAQACEQMRAD8ArPyodv5sTiCkbWjWzLpcBWF0sCLBipDFt+9YWA1ojccxB/1W936V9do/5/8Ay4f+hHUZQSHz1iPWt7v0p89Yj1re6o+trhvD5cTIsUKF3bYD3knYAbknQDeg9/nvEetb3fpT58xHrW936Vu4rs6qK9sbhXkRSzRq8l7DUhJCgjdt9FbppeoKgkDxrEetb3fpWPnmf1h936VoVig3/nif1h936U+eJ/WH3fpWhSg3/nmf1re6s/PM/rW91R9KCQ+eZ/Wt7qfPM/rW91R9KCQ+eZ/Wt7qfPM/rW91R9KCR+e8R61vd+lPnvEetb3fpUdSgkfnvEetb3fpT57xHrW936VHUoJD56xHrW91Pnmf1re79Kj6UEh88z+tb3fpT55n9a3u/So+sigkBxzEetb3V9fP2J9c3urXODIiErGwJsg6tb0iP6R4+P41q0WyzVJfP+J9c3u/Snz9ifXN7v0qNpREl8/Yn1ze6g4/ifXN7qjaUEn9IMV656x8/4n1ze6o2lBInjeI9a3u/SsfPeI9a3urQvWKC09mO3GJwc6ycwsNm0F7X6EC5/tOh8Oo/ScHbbDZVztZrDMBsDbUDXa9fkKuysmtBy7tL/mP+XB/0I6i6lO0v+Y/5cH/bx1twdkcRKiyxGKSIqrNIJY1WMkAssudhyyDob2BtcXGtBYfkyhMsGPRYYZZEhDw8yCCRhK0ioCGkQ2FuhOUb+dfOP4XiY8PysJGWSZ0SfEJkUTySOVSOPbLhs4IBACuVJ2AAiJ+JpgoJcLhZc7zAJiZ1uEZRryor2JS/pOQM1rDu7z4+UpZuWJ8OyrGICOVIfSw7KVCpJdY1IXUqMwudSCVoKj2g4GMIcoxEUxDvFIEzgpJHbMLOoJXXRxobHwroPD+Drg+HRRSNgI8ZiGE2bFph8+Gga2UWkRnZm3sQQoB2O9Gw3aCP+Mlxc2FjmLymYIzOqKxcvsvpDpY79azxbtGmLx0mMnw/MEmpiMr2vYDR1swXTQeFBa+1fY1cRjfqFWBJI1EK2UNiZFTvSQwxEhIzpr3V10ubgVHE9mJjd4EkliDpDmKqr81rLkMYYlTnzKL72qfj+UNBjDjTgUMuUJH9bJliVY8gEa7LYbeFzURg+2EkODbCxxqrGR5OdclxzEyMfDPlzKH6K7WAJuA+pOwWNy540WVArFnjcFFKXzjM1gxW2pXMB41s8C7KqmF+cMWpaIm0ECOqvO18u97rGGsDlBYk2Ft63V+UxhDyf4OA/URQXLSWtEQQMoYDlki7R7MScxI7teOG+UeSOTDTDDQmeABDI1zdA7MwRPRiZixzMBfXSw0oNTtLi8dh1EU2Hhw0UykrGuHgAsO6bMVL5werNmB61UqsHavtTJxBgWGVFJIUs7tdty0jkknQaCyjoBc3r9ApSvfA4cyyKg6n8h1P4C5/Cg8KVP4jA4YtkDcttNjcd46XDnU2IJIPjpWpNwKUegBJ/b6X/wDB735A0EXWQK2sJw2WWTlJGxf7trEeZvsPM1dcMuEwCHBTsGef+ew9GPTuC9r6HXy3PQUHP6VLcc4BLhW7wzRse5IuqsDttsbdPyuNa8cNwaZ9cmUeL90fhfU/gDQR9KnhwuCE/XSZj90XA3IP9R1HgNxrWpxzAiJwQAFYXsLkBgbMATqRfUeRFB74bs5JLEJEZGvsoJv7NRYN5V68F4KGBmnusS3Ouma3/jp57CtHhPE2w73AzKfSU7H9D51u8d4/z1EaKVTQm+5I2GnQVju6ujwrykwnEy8563u/x4Djsi4pMSndMbK0a/ZVVOi2+7bQjrc+Ndo4zjsFhcPNx+DLzMZAkMKWByYg5hIfC4yqSLbxtvmrgN6msX2mllwEPDyqCKGRpVYBs5Zs17m9rd49OgrceDLK5W26133jPFWwuFwhTGYPDk4VGy4iLM0hCDVSCPZ7TUZ2P4+mKwUMXDpsGmNylposTEc0sxGZ3VlIvdsxuA2hG1q54PlaxJSNHwmBkESLGpkgZmCqANy/l0rw4Z8qWJwwURYXAqyggSDD/WC/XNm86MpX5IYHHH5EmVRIv8SHXTKHBIYDyverd22vjeDYizYbGTJPGFbCoByQXUd65JJtmBt0fwBNch7Pdr8Rgsa2OXJJM/MLGQEgmQ3YkKRrc1Py/KxiyuRMPg4k5iSssULIHZGDKHs9yMwBO17WOhIIdL7W9lweETcPTDkHB4WGdJsmkkq52lVTbvNlU3sb3l28ffHdmcNjsNw1VKJjIoYMRFoBzI0ycxCevQ+RI6E1yLDfKdj0xkmLLhzIGVoXMhgswAsI8+mw61q8T7e4qZ8JIuSJsGuWExhgbd0WbMxzCy2t1BIO9B3rHcHixT8WgkZYkY4ZWc5RlXlKWsToDbS/ia5B8s+NkTFLgBAMPhsMoEKC1nUi3NJHpXsQOo1vqTWhxX5TcXiY8XG8cAGLCCTKr3HLUKMt3NthveoztD2xnx+HggnWNjhxlSazc4ra2V2LWYba2vceZuFcrtNq4tXab0HKu0v+Y/5cH/bx1F1LdqImXEd4AHlxaBgw0iVdx/bUTQKzWKUClKUGaxSlBmlYpQZrFKnuz/Zv+MikkWZEaMgFXBtYg2JYbC4I26UEDU7wXDhImmYb91b/AHbgN06sVT2FvCt+PsUQQJcXh0uQAA2ZiT0ANrmk6xueT3gkacwBbXKx6AWvvYs3nmoMHCuqxxtBzmkdy9gSQSQBlYbGwvXzGqMWWGXliPRw1iGQaFsraXvpr5Vsqq8ubE5zGsxADW74jB1yqD3nZlKjUaI5JFezu1wssJmQfalkjJUeBIjzhtRoCfK9B5Lxt4pDEzEKwurKTlZCNCTfMul+8psNe7ULjuCMJkVTcSXILEXXL6YcjQkdSN6tuGwd8gg1RWMUsZF3QG43JJCgkaa6WILa5cYDgWIEceePKwWxGZb7ZdLHfKq0EV85HCoMNEzuSbBS2l7ka/dBOUhVsR1INfONbLeSSa6KQGRDYtL1UtuRoDdiTp5VKQ8Omiy820SDmSSswB1ZyQFN7Brddd9joDqkolv4fD36mTOgcAi4Y8xXIuNb6ewbUGrHCucKkDCOZWPNIJvmU6A9ADYfl7TrPhWkhMLfzYwGW2tyF2/FBb2p51JDAnErPAJXdzlcLIbur2GUqw0eNs2S9hYlLi2tahxUYZcSrOuZxCcwAAsoOa2uxynfpRFVperbiezKTMXTERRs935UhylbnUXBNxe40HSvKbsW8cUsrzwjloWshLX8AdBa50G9FVasVmsUClKUClKUCvuGFnYIilmYgBVBJJOwAGpNfFdO7GYGF+CYnFpGqYvBYhJ45xe5sUYKddR6Qt5g0Fa4T2FxGIw2MnFlfCWMkDhhNYgknKR3bAE672PhUr8pXZXD4aHB43BBv4fExC4ZixWQAHUnxBOnQoa69EAO0ETgAJjuHXlTxZDoT492y/nXPOLQZuy5Q3P8Lj3RCd7Z2H/2H8hQcmrs9640i3IHibV2hcFORflx66/zl/Sg5b2pjCz2Cwr3E0hbMm297DXxqHqY7UZef3ThyMi/5cWj28PveNQ9ApSlApSlApSlApSvTDwNIwVFLMegFzQedWnswCMDj2te6xxjzZmYf+R+daeH4GsYzYhwoH2QfczAG3sUM2u1ScWJk5X+Ej7lzs2UkiwJsGzMfPNfyoITg8TRYiF5EZV5i6kEdfE1MrAI3kdVzTLGCgv3SFQRvYAakENp4W2r2SabKC+VzlLPFrmClvuE2cWG1gR0tU6IY8OnNly5lAfM9zylYWW67vIdQFFibakBS9BrYjAu7qqQ50SOMxkgZL7EAtoDlya2NsnnXxFwJ73k+rUKzPKxUPr6WikgHKAS19CAbb3heJdsWZjyo+74yksTqdeWpEa+wKT/AFHetnh3EufCxvIrJ3pMndQjNdVCg2Ym2ml7jwNiEhxrtHHhQYkW7erBZbaaGZ1Odn27gIt9pie6KlJ2gkZs3Lw462/hoCPxLISfxNTHGuFnEyi0sQcDIsZR4zYa9Qbm5OvlUM3ZzFi/+Hl0JFwpI08D1HmKCd4P2tVvq5lWMHS6gmEjwkhJIC/1R2tvla1jNY/hXN70SBwTZ0zaIWQAlbaEFCCALCzXHpC1TwvZ6SMxyTPHDchlVwS51uPq7a+yrA2MALSSNIEUqHCCRBa11bl5lJXvEa9W1uBQfacLlRo2MTXzIgaykhGks4JQ91BHmFtdGB0taoztAivzM6WIe0ViQTJIAz3G1g17nytpWnhe10ikZo1K3v3Gkjb80ax9jBh5VaMFi4caA97sBlEjKokiZtAJFUgMhOgdbAnQhCRmCpdpQXaNVBZgGY2F9GcsNvz/ABrZ4JGTgMfEVIYLFJqLGyvc6H2VJyrJG5S/LAfKzOT3m1HdAILkgi7Np4AWrXwmNxQzCWM5MrA97QqFsRkcnMLDbS9zrrQUysVYJOGwT6wPlY/ZN8vsO7J+OZdfSqJxmBkhIzqRfY7g+xhofwoNWlKUClKUCrdwLtfy8GvDJEVcNJiUkxEiA81o8y5l38FGo6C1VGlB+guEdqIMRjcfxoG2GweFXDQA6Fy139HcEt3R5OPDSqdsr4Ps5gsM5+uxUxxTg75SC+o6Hvx/ka5TUv2m7S4jiMiy4lwzKixrYBVCr4KNASdTQRcA7y7bjfbfr5V2OPBpYfUcO2G02n4d2uNw+kNtxvtv18q7HBy8q97hOw2Q226UHMu1c2fEX5iSdxO9HHy19HbL4+dQ1TPayXPiL81pe4neaPln0dslhoPG2tQ1ApSlApSlApSlAq0xYu2DDxKqkDK+nVTlYkaZjZo272Yata2WqtU72ZmB5kLeiy5up9EEPYDW/LL28wN6CRhUCZY7vLLIncZgvLsQSMq9BceVq9lw8eTPipEtGblYNlcjRC6mzORfuptlN2WteDFSIq8uwfDNaRT1VWubOdlOXVb6/lWzLDynEMajKEmkRrK1meQ5DZtCcixrr4+2iJThQSTEJeBAAM2YteRQqBlvmS53UXDEC9ifGt9s+Is8ixa2AErA9ZJUVtf7UyRjyTzNWfgEbF2JBC8tg7sbWZz3hY37v2t7aC3UmH4rwWPFPz1kyFmLys57qCyWCggX9Ia3K2KkkBhRVORCSAASSbADUknYAdTXUuAdm+XBEklwQeY6C12kv3cxHQALoOoB6VnsxwCCC06K+YA5Wl0bzfLoEG4HW1zfUWjsTjJuJytBhm5eGXSSW3p/+baaL11J8gksT2jweCHLVgbfYhUG2vVtFv8AiTWke2wOq4SYr43/AEW1eskUHDRaHCSSyaDPkJ1O15SuUexBUq/GGjZUlHf7hfITYcxsqhFJzS2PpFdrfhQR2D7bYWTuOXiOxEi3XXoSt/eBW5JwSF7NHYKylSqm8ciMSTbwNyxBGgJNauNxaTSth8VhGa20iI7qVOzBlGdPwJsbio3EYSbhZ50DGXCkjPGTqoJ0IP8Asw8gR4hSOKYB8PK0Tggg6X6jofYRX3wbiJw0yyAZl1V0OzxsLOh8iLj8j0rp/EMDBxKBHyl9CyFSA/8AUlzoDfodAwB2veljsxHzARIzQ6g5QOarZSQpUje42sDpsN6CycZAtE5jWUgvG0khF7Rk5W9FtWXvd0X2qLmjhd5HRzFMgKyZy0iBW0zkG5yXIGYDTMLoBrUg6F8JGVu+VwGIIUrlj5Jcg7Hu3sRcZulRako0d1veXl95QCIWjKkE3JIIvq33ToLCg1ZkCrEkwOeRiUkw4jtocosy7738dRX3hJWDyRsweNNWbKNQAGcEei5yqRcgnwIvXqxOHtqOVh41QjRmMrXZyOqHM5W/gB0qLxTcrCkgWMzbXJIBtIwud+7ytf6jQQUrXYkAAEk2Gwv0FfFKUClKUClKUClKUH3CbMNbajW1+vh1rtMPElyj/GYU6DbCeVcWhPeXW2o1te2vh1rtMXEe6P8AHSnQf+jPh/ZQcu7XuWxNy0zdxNZ0yP6P3bDTwNQlTfa8EYjvc++RP8wVMno/06ZfCoSgUpSgUpSgUpSgVJdnYnfExCMXbONP6ftX8st71o4eLO6pdRmYLdiAoubXZjsPE1d8ZhxweA5AXxEoy82xyINyEPj4eOh6WIaXEs8T8opzI3bIV2OcaKQw8Vyn2g+BqVwcXMthlLpJHZUZ0uroLX0IAa1rDr3VI0LVW+B8RLDkOjSL0yi7AXuQR1Xz3W+lWfg8Ji5zZpLpBIQGZrXy75WJKnw16mg8e0XGkwiRwwqvQqttBGD6Z6FnIOU9F727KV+ODY3+MGYLkKzqtlsSsct1zAkHvAs7ZrbqNqq3adr4ycbBZGjUDQBIzy0AHgFUD8Kkvk8mIxqKDo6uCPHKhce9RQW3tzjjFhlhj9KYiJQN8gAze291X/iNe+FljwDYTBLa7klz4nKbt7S9gPJLeFaHH/rOK4KM7KBJ+Od2/wDgKkeLSLBOsvLDyPlALEZsikJy4BbWS7FiDbTr4B8cMwsyc0SSjMY0D2mdypu3MkswHLup0A0GWsDiy/UgxNnkXNBqr911FwJCO6Qti2a9h1evLjKJEI4njeWJlZBFHcMMpuGyIRn7pCknaykekb1+GVkaAAzXXmiFiF+qUEgq11sSF0YG+W2mmgC0NnkhkyNlJkUMGmYWdHCyoJQLhWCgggD0zoNghx5heDCz5WMyyg3YuLFzkUsbFroSlyLkgVC9nGQPEiJKkj3eSWQtklst2Ci9pA3jbRSTvUpiI43mXDGJQVYFH2lDteTmRoBrDmHe1sNRbSg1OzIODxs2CueW31sV/Zf88uh846z2kHJeWT7sJkBIFs0rBcu3eUFb5TcfWEW2Iz2i7vFsE4+0qqfYZZF/2Navym4hljhQbOXzeJyZSB7LsT+AoNbgXaRXnEaxiIsAqEtoz/ckNvQY6BjcoSDcgsDI4uKOA87UowLRQrHZsx1cMBqLMTodFv42rm4NdLxf1uGDMzKTJG5yMFuZ8PHM4uemd2Nhre1BXcWSkpiVcvN78kj7lWNzodF1JX2keNeHbDDSLyWI+rKHKRtmzEsDbZh3R7APMDZ4hizg17kcgdtpHBtezC97nObNoDoLX1rHZTGLiEOAnVnRzmRlBLRvvf8At3N+lzfQmwVOlSnaLgrYKblM6vpfu7gHYMu6t5VF0ClKUClKUClKUHpB6S77jbffp512qLFtlH1/Edhvh1vt17tcUh9Jd9xtvv0867bBHJlX/wDKbDdo77dbdaDlXa6IriLFJEORDllfmN6P3rnTwF9KhKmu1mH5eIymLldxDl5pl3XfOf8AbpULQKUpQKUpQKUpQKtPZLige+BxBJhm7qk68tz6JF9hf8AdfGqtUr2cw5ecNa+QZ7eJBAQfi5WgmJZFwYSFWsWazOBcmzC75TYkXuFHk16mez0NpnQ80xhWhdnZQlmUWCIBba2ulr+esKJxkllFkt3IpTqWAFrKvS5BNx94+FSeLcKUwrgvlizNcsQzI9nzW1PeWW19L5L9LBA9teHtHPzTtLckgWHNWwl06XY5x/TItbnYGFUk57C5DrCn90l1Y/gCPwJ8KsvDMWMUnJlymQBXBYekENkkZT6Lg31F7BiCLErUcSWI0ETSO7qDdAZGVQCsgHdYBri4b0VJym9g2O2bcjEYPF/ZR8j+wNm281L/AJVJYqeWPHRIoVocR437rohzFT0JjC+2521r3xuFGNwrROCrEW7wAKyKNG0JFr63BNw1RfZPilyuDxAyzwNZM32rKQLHqwUkeanSg2k+tVjBilMgTJnjKsCSzMC6sDkJck3B6+QtCYfBqDBYSvGVJxLgyfzGGYXI1BVyc2Xb7V9a3+IYqPAZlaPElWVIw94yiohJTKw1uMxIDC5tUjNjm5iKimRGysHuxaXPu0bL3UCgXPo7iwHUNLhERjhDSYgGKOS8YfKFEauyRM0lrkGxsNiCOhtWMZiZHfDYeFlaObNmlW9+Ur3dFOtlygC97ny6p+KpJNJhUGIlcSI5ki5Rs0eUjVrKqgqBcixN/G9bnFsfFw6ENa8mVhGpILMWYuxNtMuc3NrA2AGwoNDGWxHGYlXbDx3bwBGZ/wD3Ogr4+UGJZYyPtwqso/tkcow+AH8K3ex/DGw8TzzH66W8jkjVV1bXzvdj+A6VpcSR5HYvdeasgCORnyHLYWUNkC5emfV2vlJoKDwvAtiJUiWwLHc7Ko1ZieihQSfIV0njalMOCglCqc5ETBZEjCBYgyn0rRKuYbgqTawNvOCSOKP+IKIrSERBALXKMQqMFXugFdUAb0RctbSOh4gVmWTUySyCNjZlzHUgEaqVUFAGGpF9bXBDUTEqkhwrjOsijQgJcnvZbDul9bhgAcwAO9xnEYlOGYbJA+aee7cwaMkVyFt1BP8Avc9Fryxa25yX5pUiSFDfOiMA6sr7mwYaDw86j+0IEkUM48Mh1HW7j4jIvsUUECzEm51J1N6+aUoFKUoFKUoFKUoPuEd4ddRtvvXa4cA+Uf4XG7D/ANUD08c9cUhF2AtfUaXtfXx6V2eHhpCj/BAaDT+NJ6eN9aDl3aqIJPYJFH3E7sL509He/j41DVL9qGUz93kWyJ/l/wCXt/7vGoigUpSgUpSgUpSgVYuF/U4V5PtyGya66HKhH/GXPthqu1NYfjClBHKmgUKCNRYCwzRsbfipUnxoJdRklw8csZZYwGMltAV71hbQpoAf13+4oZXhZ15c7DOLi9pI5GzstxZkkD3OU2LBja9q8cKndYwOHQjKUZnKi/vTT7wt/VXik6RKj5v4Z7m4jBbOttNTcMp9pFBYODSpzeUHF3jlCqSM1ygyjKB3FC5lymxuo00qo9q3Y4l1LsUzGRASbKswEugO1wwvVnTjbLy5bxlCAV7l5nYaMoANl26CwvXz2l4N/FxrNDq4HdUbupJYxjU3kVi1h1UhRcpYhBcA7VzYd15jNJFbKVJuQCb3UnqPy1NXjivCIOIRpKrZWAvHKoN/EBgbG1+m46efKGUgkEWI0IO4NXTszxCVYVuHBS+QhWtJFfvKBYhyL3Hgco6m4SC8Q4hhBlng/iYxpnTUkf1EA3/41vWYu3GFjUoMPKgN7oqoF130uP8AapPC8acKGlQKB/ql0RW8MqlidrdfwrxPbbBg2zubG18hP4jyoNGHj+IlXl4HBZF+8yqqDztYJ+ZNbnB+zeST+IxT86f0gSbolvC+9vYAOg0vXvJ2njYAwjm6XtzEUj2qxvUbiuLTMrOFdmUHJGkbgFrEmQjUlFGl7kdx9swsGj2q7ZsH5WGNgp7zldWYXFgG+yPMakeG9RTiUwk5olfmHTNmJY3FrX61qsSTcm586t3Yvs/IXXEuuUL3oQw9JvsyFesSnW/22AUX72UJzi0gijRGYKxlmABYKWVCVazbBs1iLkb6+FRuGhe7MiDKpzqzWBklykCRibKkYNyX0BsACb1v4zid5BFDk+rsgEytmZVNi6OGBbY/lUPPxOOeQ5pi62e0JTulrGxGUWY+BPe86D5WQKcMQvOZUMTSoGsFVmAC7XIBAzEahRbe9eSwMwnwzEFrll2BYnvp01JNxb+uvqCKRoipy4eMMC2RiD4EFmbKP7b5tNq014pDhyeSpdtDmJYC91a5OjN3l/pGp0oK/SvuR8xJO5JOnn5V8UClKUClKUClKUH3D6Q2Oo3236+VdhiwCZR/hcDsNsQ1tq47HuNtxvt+PlXYcO6ZVsOG7Da1tulBzPtRM7z3cIDy4v5a5Vs0SsNLnWzW/CoirzguFQ4vGSxypIxGGgkTI5XVYIgQ1opGIsdwNLedxU+MwJHiJkjzctZHVc4IbKGIGYEAg+0A+Q2oNKlKUClKUClKUClKUH3FKyHMpII6g2NW/heMEuDmmkGZomUMFyi6vZc1iCubQ7jpVNq59iuHPLg8bawDhIwWNlzC7G56WBH50GpheKQs4SGAhna3eKhRdri+QBio8Li4ve9ScfEzCXIIaJVvIGGjkjuKBtcix8hlFtK1eFdkZ45UkVopFVhfI9zbruBXlhc64h1YM0YTM0YtdsoCEDMD3jb/AG3oJ/iUmFdyky3YIrEumcAH/wDYtpDqerEC19NaQRQMFhilysozIgBUEZrn+aSbXB2YWOu4qYxPZyJ7nmjnDIEXPGBKFYzGy5bhxhnQ6fbuNgK1uGdnEfMr85mDqLLIiMiNKyc5mZSTlC5tbA3GotQVwYlcFxOHEzRfVLcjdxIVRhqHsQcxUMp1X8ryrdrOHhFjiDxpHGsbAwoxxCJzwUc37pYujnoCf6RX3hsVnjy4nKcz5FIAIlAGjNGwI2F77gHcddHD8FwEveBQ3Oluco1JAGUuTvpoRtQSOI7W4fEuy4WJ1kc4okKoVWzYdY4HJv8AV2ygsbgAhm0vU1xzjcMcnNsEBmkkiWxu/wBXhhFmF72MkJ2+yRfc1BYGeBI8uGCFimdRkKRvlNrkEl2sde+WtodNWENxHiNn+tkyO9jZlLW+r8NgocXB1vqdiaCy8N4jhIUhjDPmUNDzRDZsrRyLACcxF1klY5gNbpf0RUhP2uw8cciKJLxgsza53aWKZQXJYsAqtDZiTazaCwqo4WIlwzHLCgzhmDZny98soY/ylaxv1ICgnNUbxV5pUFlMRklKFbWurehc+QuDQb/arjUbYhy8ZZHyuMpGjBArgh13EgY5hYtoTe9a/CpYnixMiR5Vhjza5dWYFVXugaE+fWvriHZyfF5JEyrHlJzSNl9JidrE7WrZg4BJDw7GJmjcsEkvGxYZY2DMDoOmtBTcbjpJiC7E20A2UDwCjQVq0rFApSlApSlApSlApSlB9I1iD4G9dgjxUwAumF2H+i37q47XYRQVvh0iwYyTFSKjRxQ4VDnJ9KWGMLYBGzGyvuNr9bA1ntYtsdie6E+uk7otYXcnSwGn4VaOFwyNjJTHPJCRh8OLx8k5icPGQrCWVBayk38QNja9N4ytsRMMzvaRxmcqXYhjcsVZgWJ1JDEeZoNKlKUClKUClKUClKUCs3rFKDKtbUVY+fzoRLqXjtnFyM4W17kEHVdb+Kmq3UlwHFZJQD6L90+3ofz9xNBf8ZFwxw5IVOa8qLy5GZXZYVkSRmeTuWkYqMoN7kEVMQ4XhwIKNGqJOivzpmsI0xDrIVWSU7xBSGG9wQBe1c9gimW8SKoUMSrsLlQ1r2A9m5r4xM0OnOlMjKNANdf7VOW/nmPsoPU8SYuoKcyVU1c6FGYHTQWsL2tXquJWFooCdbEG50W62S9wLXOpHS/WvjhXFsMzGNw0IPoSd1grHqRawPn5m/jWjxLs3iEnWMDm80/VupuH6k3Oxtqb+25GtBvT4gYcxhorqrtaQ5roGe5A/qHQ9bXG9b0mMxEaHMwltdgFYpIY/v5kI1/A9a+Mc8WBi5UshnnsAVU2VB91n3I8j+QFaOGxWFdw6sYnFrE3XYeV0Itpay+3rQerhHzYdTMss+VpGch8qqMwTNoWF9SbdANbUjZS7zFy0SIBoTY2QBiAeuuUeb+VfUy4lVOUrMGDBDoHXMCO6wJU/wBoZum1aHaBxFHHh0I2DMR1Avl/Ml3/AONfCghsXiWlYuxuSSfIXOw8B5V4gkf7UrFApSlApSlApSlApSlApSlArsIrj1djWggezeIK8RkXmmONsJDzO8yAgQQ2u6yJksTfMWGlxrmsad2mmz4zEOHVw00hDoLK13Oo1P53N/E7m4NGcHi5g8iQYjlQJG8jTLHaNBHOuaLXNmjy2OmjdbVS+0E0cmKneIlo2ldlZr3ILE372v56+OtBH0rNKDFKUoFKUoFKUoFKUoFZBrFKDaxXEJJdHckeGwv42GhPnvWrSlAqzcF7WPh8LJBYlv8ARbTuX0bfy1HnVZpQfTMSSSbk6knqaxSlB7YXGPEboxXxtsfaNiPI184nENIxdjdj5AbCwAA0AsALCvOlBilZpQYpWaUGKVmlBilZpQYpWaUGKVmlBiuxrXIIIWdlRRdmIVQNySbAfnX6h4bwBDDGThyxKIS1jrdRrvQR3yn8GglxUCvErCSOZ331ZOWFYEaqbGxItewvewtQJ+yODG0PxyfurNKDTk7L4Qf6Xxyfurwfs1hfVfG/7qUoPM9ncN6v4n/dWD2dw3q/if8AdSlBj6PYb1fxP+6n0ew3q/if91KUD6PYb1fxP+6n0ew3q/if91KUD6PYb1fxP+6n0ew3q/if91KUD6PYb1fxP+6n0ew3q/if91KUD6PYb1fxP+6n0ew3q/if91KUD6PYb1fxP+6n0ew3q/if91ZpQPo9hvV/E/7qx9HsN6v4n/dSlA+j2G9X8T/up9HsN6v4n/dSlA+j2G9X8T/up9HsN6v4n/dSlA+j2G9X8T/up9HsN6v4n/dSlA+j2G9X8T/up9HsN6v4n/dSlBn6O4b1fxP+6n0dw3q/if8AdSlBj6PYb1fxP+6n0ew3q/if91KUD6PYb1fxP+6vSLs5hif5Xxv+6lKC49iOzWFTF4fLCveZgblibCNjYFibba23FwdCRXcQKUoP/9k="
16,IndusInd Tiger Credit Card,"Movie Tickets:Free movie tickets upto INR 500 on BookMyShow, one ticket every 6 months in a year.","https://static.wixstatic.com/media/2a565f_5f06d1b8874340e98cfe595311f1bb47~mv2.jpg/v1/fill/w_345,h_230,al_c,lg_1,q_80,enc_avif,quality_auto/Indus.jpg"
17,Poonawalla Fincorp IndusInd Bank eLITE RuPay Credit Card,Other Benefits:Buy one movie ticket and get the second one free on BookMyShow every month for up to INR 200.,"https://static.wixstatic.com/media/2a565f_5f06d1b8874340e98cfe595311f1bb47~mv2.jpg/v1/fill/w_345,h_230,al_c,lg_1,q_80,enc_avif,quality_auto/Indus.jpg"
18,Makemytrip ICICI Bank Platinum Credit Card,"Movie Tickets: 25% discount, maximum of up to Rs 100 on the purchase of a minimum of two tickets per transaction.","https://static.wixstatic.com/media/f836e8_63823e15e89f412890fff2fffa26fcc3~mv2.webp/v1/fill/w_254,h_169,al_c,lg_1,q_80,enc_avif,quality_auto/MakeMyTrip%20ICICI%20Bank%20Platinum%20Credit%20Card.webp"
19,RBL Bank World Plus Credit Card  ,Users can get a 1+1 free movie ticket offer on bookmyshow of up to INR 200 twice a month,"https://static.wixstatic.com/media/2a565f_5f06d1b8874340e98cfe595311f1bb47~mv2.jpg/v1/fill/w_345,h_230,al_c,lg_1,q_80,enc_avif,quality_auto/Indus.jpg"
20,MakeMyTrip ICICI Bank Credit Card,Movie Benefits: Cardholders will get up to Rs 150 OFF on their second ticket purchase on BookMyShow and INOX twice a month.,"https://static.wixstatic.com/media/f836e8_2025080f31c346fd938639bc062b1693~mv2.png/v1/fill/w_249,h_166,al_c,lg_1,q_85,enc_avif,quality_auto/MakeMyTrip%20ICICI%20Bank%20Credit%20Card.png"
21,Indusind Indulge Credit Card,"Buy 1 movie ticket and get the other one free on BookMyShow, up to 3 times a month, with tickets capped at Rs 700. Rs 50 off on ordering F&B through BookMyShow.; Users can get 20% off on BookMyShow on events and theatre bookings twice a year.","https://static.wixstatic.com/media/257766_c8a063661b8b47f0980e58bdc2345af2~mv2.jpg/v1/fill/w_345,h_230,al_c,q_80,usm_0.66_1.00_0.01,enc_avif,quality_auto/indulge_credit_card.jpg"
23,Federal Bank Visa Celesta,"Buy One Get One offer on INOX movie tickets, once a month.","https://static.wixstatic.com/media/f836e8_7af7361c47a8453d94b4923b9e7d5f14~mv2.jpg/v1/fill/w_345,h_230,al_c,q_80,usm_0.66_1.00_0.01,enc_avif,quality_auto/visa%20celesta_edited.jpg"
24,HDFC Bank Titanium Times Card,Customers will get 25% off on movie tickets booked via BookMyShow.,"https://static.wixstatic.com/media/2a565f_17396982a76f41d587d6e7a01aa411e5~mv2.webp/v1/fill/w_345,h_230,al_c,lg_1,q_80,enc_avif,quality_auto/Times_Titanium.webp"
25,RBL Bank Insignia Preferred Banking Card,"Other Benefits: Golf privileges, free movie tickets, and world-class concierge services.","https://static.wixstatic.com/media/257766_c8a063661b8b47f0980e58bdc2345af2~mv2.jpg/v1/fill/w_345,h_230,al_c,q_80,usm_0.66_1.00_0.01,enc_avif,quality_auto/indulge_credit_card.jpg"
26,PSB SBI Card Elite,"Free movie tickets worth INR 6,000 every year. Maximum permissible discount of INR 250 per ticket.","https://static.wixstatic.com/media/f836e8_1479670962f641409cf8df1a6d0145f8~mv2.webp/v1/fill/w_254,h_169,al_c,lg_1,q_80,enc_avif,quality_auto/PSB%20SBI%20Card%20Elite%20(1).webp"
27,Axis Bank Neo Credit Card,10% off on every purchase of movie ticket on BookMyShow with maximum monthly benefitsup to Rs 100.,"https://static.wixstatic.com/media/2a565f_e896fdbc79064918b8720d3e3d61b636~mv2.webp/v1/fill/w_330,h_220,al_c,lg_1,q_80,enc_avif,quality_auto/axis-bank-neo-credit-card.webp"
28,RBL Bank Platinum Shopsmart Credit Card ,Users can get a 1+1 free movie ticket offer on bookmyshow of up to INR 200 once a month,"https://static.wixstatic.com/media/f836e8_f7c53728d30f46a580239eeaafb54cdd~mv2.webp/v1/fill/w_266,h_169,al_c,lg_1,q_80,enc_avif,quality_auto/Axis%20Bank%20Neo%20Credit%20Card.webp"
29,RBL Bank Binge Credit Card,Users will get a 1+1 Bookmyshow offer on movie tickets (Upto Rs 200) once a month on any day.,"https://static.wixstatic.com/media/f836e8_1479670962f641409cf8df1a6d0145f8~mv2.webp/v1/fill/w_254,h_169,al_c,lg_1,q_80,enc_avif,quality_auto/PSB%20SBI%20Card%20Elite%20(1).webp"
30,ICICI Bank Sapphiro Credit Card,"Buy one movie/event ticket and get up to Rs 500 off on the second ticket, twice every month, through www.bookmyshow.com.","https://static.wixstatic.com/media/2a565f_06ab9f0f91c14c20b2c42e1495b01e00~mv2.webp/v1/fill/w_71,h_45,al_c,q_80,usm_0.66_1.00_0.01,blur_2,enc_avif,quality_auto/ICICI-Sapphiro.webp"
32,DBS Spark 10 Credit Card,INR 200 on the second ticket booked on bookmyshow,https://tse3.mm.bing.net/th?id=OIP.LlxJmKxRB5yZ84BcGo6AwQAAAA&pid=Api&P=0&h=180
33,Reliance SBI Card Prime,Free 1 movie ticket a month worth Rs 250/.,"https://static.wixstatic.com/media/f836e8_80e4072935ba4d928538265c6ecb70cb~mv2.webp/v1/fill/w_190,h_121,al_c,q_80,blur_3,enc_avif,quality_auto/Reliance%20SBI%20Card%20Prime.webp"
34,RBL Bank World Max Credit Card,Users can get a 1+1 free movie ticket offer on bookmyshow of up to INR 200 once a month,https://tse3.mm.bing.net/th?id=OIP.LlxJmKxRB5yZ84BcGo6AwQAAAA&pid=Api&P=0&h=180
35,RBL Bank Platinum Prime Credit Card ,"Users can get a 1+1 free movie ticket offer on bookmyshow of up to INR 200 once a month, on any wednesday","https://static.wixstatic.com/media/2a565f_06ab9f0f91c14c20b2c42e1495b01e00~mv2.webp/v1/fill/w_71,h_45,al_c,q_80,usm_0.66_1.00_0.01,blur_2,enc_avif,quality_auto/ICICI-Sapphiro.webp"
36,RBL Bank Patanjali Swarn RuPay Card,INR 200 on movie tickets at bookmyshow on weekends/ once per month,"https://static.wixstatic.com/media/2a565f_f1fb8722d3fe4ab9be6451ccfcf38154~mv2.webp/v1/fill/w_170,h_107,al_c,q_80,blur_3,enc_avif,quality_auto/rbl-bank-vcard.webp"
37,ICICI Bank Coral Credit Card,"Movie Offer: Customers can also avail 25% discount, of INR 100 on BookMyShow and Inox.",https://static.bankbazaar.com/images/india/infographic/dbs-bank-spark-credit-card.webp
38,Flipkart Axis Bank Credit Card ,"Reward System: Users 4% unlimited cashback on Swiggy, Uber, Cleartrip, Cultfit, and PVR.","https://static.wixstatic.com/media/f836e8_80e4072935ba4d928538265c6ecb70cb~mv2.webp/v1/fill/w_190,h_121,al_c,q_80,blur_3,enc_avif,quality_auto/Reliance%20SBI%20Card%20Prime.webp"
39,HSBC TravelOne Credit Card,"Cardholders will get a 10% discount upto INR 1,000 on dining and events (once per card per calendar month) and buy 1 get 1 free movie ticket upto INR 200 on the 2nd ticket (twice per card per calendar month)",https://d2e6x8l1x3qfpt.cloudfront.net/2025-02/world-plus-credit-card.png?VersionId=zQHB.6gmjiEg9_xXOqZmYwIC5lHbc66T
40,IndusInd Intermiles Odyssey Visa Credit Card ,"Users can buy 1 movie ticket and get 1 movie ticket free once every month on BookMyShow, capped at Rs 200 per month.",https://d2e6x8l1x3qfpt.cloudfront.net/2025-02/world-plus-credit-card.png?VersionId=zQHB.6gmjiEg9_xXOqZmYwIC5lHbc66T
41,IndusInd Celesta American Express Credit Card,"Buy 1 movie ticket and get the other one free offer on BookMyShow, up to 3 times a month, tickets capped at Rs 700.",https://d2e6x8l1x3qfpt.cloudfront.net/2025-02/world-plus-credit-card.png?VersionId=zQHB.6gmjiEg9_xXOqZmYwIC5lHbc66T
42,IDFC First Ashva Credit Card,Users can avail a Buy One Get One Free offer on movie tickets on BookMyShow with up to ?400 off on the second ticket. This benefit can be availed twice in a calendar month.,https://tse4.mm.bing.net/th?id=OIP.1AjY2CJBFQo2G4fgA7ErOwHaFA&pid=Api&P=0&h=180
43,IndusInd EazyDiner Credit Card,2 free movie tickets every month (the price of a single ticket is capped at Rs 200).,"https://static.wixstatic.com/media/2a565f_baea33a611ea4775b6a0181aefe30ffd~mv2.webp/v1/fill/w_379,h_238,al_c,lg_1,q_80,enc_avif,quality_auto/RBL-Bank-Platinum-Choice-Supercard.webp"
45,Emirates Skywards Rubyx Credit Card,"Users can avail 25% discount up to Rs 100 on the purchase of a minimum of two tickets, up to twice in a month, on BookMyShow and Inox.","https://static.wixstatic.com/media/f836e8_34e8c80a9185436b833a61d5cb425a57~mv2.png/v1/fill/w_266,h_169,al_c,lg_1,q_85,enc_avif,quality_auto/Flipkart%20Axis%20Bank%20Credit%20Card.png"
46,RBL Bank Platinum Maxima Credit Card,Customers get one complimentary movie ticket free up to Rs 100 every month on the purchase of 2 or more tickets at BookMyShow.,https://www.hsbc.co.in/content/dam/hsbc/in/images/16-9/15957-hsbc-travelone-credit-t1-front-1280x720.jpg
47,Yes Prosperity Cashback Credit Card,"Reward System: Users can get up to 5% cashback on movie ticket bookings and grocery shopping, and 0.50% cashback on all other spending.",https://d2e6x8l1x3qfpt.cloudfront.net/2025-02/world-plus-credit-card.png?VersionId=zQHB.6gmjiEg9_xXOqZmYwIC5lHbc66T
48,ICICI Bank Manchester United Signature Credit Card,"Users will enjoy 25% discount up to Rs 150 on selected cinema ticket retailers.; Users will get 25% discount, up to Rs 100, on a minimum purchase of 2 movie tickets on BookMyShow and Inox, twice a month.",https://d2e6x8l1x3qfpt.cloudfront.net/2025-02/world-plus-credit-card.png?VersionId=zQHB.6gmjiEg9_xXOqZmYwIC5lHbc66T
49,YES Bank Marquee Credit Card,Buy One Get One Offer on Movies:Treat yourself and a companion to complimentary movie tickets every month with BookMyShow.,"https://static.wixstatic.com/media/2a565f_50cac7a0a61948d885667fe91411aa32~mv2.webp/v1/fill/w_190,h_300,al_c,q_80,blur_3,enc_avif,quality_auto/YES-Bank-Marquee-Credit-Card-190x300.webp"
50,TVS Credit RBL Bank  Card ,"200 on movie tickets at bookmyshow on achieving monthly milestone of inr 10,000",https://tse3.mm.bing.net/th?id=OIP.LlxJmKxRB5yZ84BcGo6AwQAAAA&pid=Api&P=0&h=180
52,Yes Prosperity Cashback Plus Credit Card,"Rewards: 5% cashback on movie ticket bookings, grocery shopping, and utility bill payments. 0.75% on all other spends except fuel.","https://static.wixstatic.com/media/f836e8_8823fa55498647a095553f15de7b0b86~mv2.webp/v1/fill/w_190,h_121,al_c,q_80,blur_3,enc_avif,quality_auto/Yes%20Prosperity%20Cashback%20Plus%20Credit%20Card%20(1)%20(1).webp"
53,Axis Bank Signature Credit Card,Other Benefits: Users can enjoy 50% cashback on movie tickets purchased through BookMyShow and a minimum of 15% off at partner restaurants in India.,"https://static.wixstatic.com/media/f836e8_4f70adc953a44419a02370a23e35dfa6~mv2.webp/v1/fill/w_190,h_121,al_c,q_80,blur_3,enc_avif,quality_auto/Axis%20Bank%20Signature%20Credit%20Card.webp"
54,Intermiles Amex Voyage Credit Card,"Buy 1 movie ticket and get 1 movie ticket once every month on BookMyShow, capped at Rs 200 per month.","https://static.wixstatic.com/media/2a565f_cee9b198096f441e95ef2459e410ec02~mv2.webp/v1/fill/w_395,h_251,al_c,lg_1,q_80,enc_avif,quality_auto/Ind.webp"
55,HSBC Taj Credit Card,Users will get a 10% instant discount on HSBC Gold Class Movie Tickets and Food & Beverages (?F&B?) counters at PVR Cinemas HSBC Gold screens only.,https://www.hsbc.co.in/content/dam/hsbc/in/images/account/16-9/15990-india-hsbc-taj-card-face-vertical-2000x1125.jpg/jcr:content/renditions/cq5dam.web.1680.1000.jpeg
56,Axis Bank Platinum Credit Card ,25% cashback (cashback capped at Rs 1000 per year) on movie tickets.,https://d2e6x8l1x3qfpt.cloudfront.net/2025-02/world-plus-credit-card.png?VersionId=zQHB.6gmjiEg9_xXOqZmYwIC5lHbc66T
57,Chennai Super Kings ICICI Bank Credit Card.,"Users will get 25% discount, up to Rs 100, on a minimum purchase of 2 movie tickets on BookMyShow and Inox, twice a month.","https://static.wixstatic.com/media/f836e8_c0e5c8b04f6146cda6d1817ca48e99ed~mv2.webp/v1/fill/w_266,h_169,al_c,lg_1,q_80,enc_avif,quality_auto/RBL%20Platina%20Maxima%20CC.webp"
59,RBL Bank Platinum Choice  Credit Card   ,"Users will get 10% off on bookmyshow, up to INR 100 every month","https://static.wixstatic.com/media/f836e8_5ce4731fe1574daa87e9508f3e5e2bd9~mv2.webp/v1/fill/w_266,h_169,al_c,lg_1,q_80,enc_avif,quality_auto/Yes%20Prosperity%20Cashback%20Credit%20Card.webp"
60,ICICI HPCL Coral Credit Card,25% discount on booking movie tickets up to Rs 100.,"https://static.wixstatic.com/media/f836e8_8349d55edbf44960b57a6bed997c6a3f~mv2.webp/v1/fill/w_266,h_169,al_c,lg_1,q_80,enc_avif,quality_auto/ICICI%20Manchester%20Signature%20Credit%20Card.webp"
61,ICICI Bank Rubyx Credit Card,Users can avail 25% discount upto Rs 150 on purchasing a minimum of 2 movie tickets per transaction on BookMyShow and Inox.,"https://static.wixstatic.com/media/2a565f_50cac7a0a61948d885667fe91411aa32~mv2.webp/v1/fill/w_190,h_300,al_c,q_80,blur_3,enc_avif,quality_auto/YES-Bank-Marquee-Credit-Card-190x300.webp"
62,Central Bank of India SBI Elite Credit Card,"Free movie tickets worth Rs 6,000 every year. Maximum permissible discount of Rs 250 per ticket.",https://tse3.mm.bing.net/th?id=OIP.LlxJmKxRB5yZ84BcGo6AwQAAAA&pid=Api&P=0&h=180
63,Indusind Samman RuPay Credit Card ,Users will get one free movie ticket up to Rs 200 on movie bookings via BookMyShow once every 6 months in a calendar year.,"https://static.wixstatic.com/media/257766_45a69e4215d440178dc05374378bcf87~mv2.jpg/v1/fill/w_99,h_64,al_c,q_80,usm_0.66_1.00_0.01,blur_2,enc_avif,quality_auto/Samman-card-img-397x257px.jpg"
64,Myntra Kotak Credit Card,"Reward System: Customers get an instant discount of 7.5% on all spending done across Myntra Platforms with a maximum discount of Rs 750 per transaction, 5% cashback on all spending done across the Preferred Partner Merchants like Swiggy, Cleartrip, PVR, etc. Along with this customers can also earn unlimited 1.25% cashback on spending across all other online and offline merchants.","https://static.wixstatic.com/media/2a565f_a1ea0b60cf9744698e3f2af8b5d4024e~mv2.webp/v1/fill/w_96,h_58,al_c,q_80,usm_0.66_1.00_0.01,blur_2,enc_avif,quality_auto/kotak-myntra-credit-card.webp"
66,Indusind Crest Credit Card,"Buy 1 movie ticket and get the other one�free on BookMyShow, up to 3 times a month, tickets capped at Rs 700. 50% off on ordering F&B through BookMyShow.","https://static.wixstatic.com/media/257766_6911e269b55c48a39f26dc1a44e869e5~mv2.jpg/v1/fill/w_99,h_63,al_c,q_80,usm_0.66_1.00_0.01,blur_2,enc_avif,quality_auto/crest_world_elite.jpg"
67,Bank of Baroda EASY Credit Card,"Reward System: Users will get 1 reward point for every Rs 100 spent on other categories.�1RP = 0.25 paisa.�General cashback rate: 0.25%. 5X i.e. 5 reward points for every Rs 100 spent on departmental stores, movie spends. Effective cashback rate = 1.25%.","https://static.wixstatic.com/media/f836e8_4f70adc953a44419a02370a23e35dfa6~mv2.webp/v1/fill/w_190,h_121,al_c,q_80,blur_3,enc_avif,quality_auto/Axis%20Bank%20Signature%20Credit%20Card.webp"
68,Indusind Pioneer Heritage Credit Card,"Buy one movie ticket and get the other one free on BookMyShow. Max 3 free tickets in a month. The price of the free ticket is capped at Rs 700 per ticket. Additionally, get Rs 50 off on selecting the F&B option.","https://static.wixstatic.com/media/257766_4441b6df48b14dfbb87d689466dd0958~mv2.jpg/v1/fill/w_134,h_78,al_c,q_80,usm_0.66_1.00_0.01,blur_2,enc_avif,quality_auto/WhatsApp%20Image%202024-02-21%20at%2002_15_46_f6abcc11.jpg"
69,RBL Bank MoneyTap Credit Card,Other Benefits: 20% cashback on all Zomato orders. 1+1 free movie ticket every month up to Rs 200/- at BookMyShow for Saturday & Sunday shows.,"https://static.wixstatic.com/media/45c85e_74992885517e46ec8a1703f32f5ccf66~mv2.jpg/v1/fill/w_67,h_43,al_c,q_80,usm_0.66_1.00_0.01,blur_2,enc_avif,quality_auto/moneytap.jpg"
70,RBL Bank Icon Credit Card,"A 1+1 movie ticket on BookMyShow, up to Rs 200, twice a month.","https://static.wixstatic.com/media/f836e8_62532ac4ab314b7bb27515fbc68d778e~mv2.webp/v1/fill/w_190,h_121,al_c,q_80,blur_3,enc_avif,quality_auto/RBL%20Bank%20Icon%20Credit%20Card.webp"
71,RBL Bank Platinum Shopgain Credit Card   ,Users can get a 1+1 free movie ticket offer on bookmyshow of up to INR 200 twice a month,"https://static.wixstatic.com/media/f836e8_2ce8956c58d34887ad59ff7ae84f9c02~mv2.webp/v1/fill/w_266,h_169,al_c,lg_1,q_80,enc_avif,quality_auto/Chennai%20Super%20Kings%20ICICI%20Credit%20Card.webp"
74,IDFC FIRST SWYP Credit Card,25% off up to Rs 100 on movie tickets.,"https://static.wixstatic.com/media/2a565f_55220e0a4c2f42ff8a4b8bc179c3a84f~mv2.webp/v1/fill/w_178,h_283,al_c,q_80,blur_3,enc_avif,quality_auto/IDFC.webp"
75,IDFC Mayura Credit Card,Users can avail a Buy One Get One Free offer on movie tickets on BookMyShow with up to ?500 off on the second ticket. This benefit can be availed twice in a calendar month.,"https://static.wixstatic.com/media/f836e8_706b61b9025f4e0c8843048ff777bdac~mv2.webp/v1/fill/w_266,h_169,al_c,lg_1,q_80,enc_avif,quality_auto/ICICI%20HPCL%20Coral%20Card.webp"
76,RBL Bank Paisabazaar Duet Plus Card,"Other Benefits: Buy one get one free offer on movie tickets, Money transfer facility is also available.","https://static.wixstatic.com/media/f836e8_706b61b9025f4e0c8843048ff777bdac~mv2.webp/v1/fill/w_266,h_169,al_c,lg_1,q_80,enc_avif,quality_auto/ICICI%20HPCL%20Coral%20Card.webp"
77,ICICI Bank HPCL Super Saver Credit Card,25% discount on movie ticket bookings upto Rs 100 per transaction.,"https://static.wixstatic.com/media/2a565f_84bb3aeb35564cc9bd3df193cbd4c3cf~mv2.webp/v1/fill/w_125,h_79,al_c,q_80,usm_0.66_1.00_0.01,blur_2,enc_avif,quality_auto/Standard-Chartered-Smart-Credit-Card.webp"
78,RBL Bank MoneyTap Black Card,"Other Benefits: 10% discount on movie bookings on BookMyShow, complimentary lounge access.","https://static.wixstatic.com/media/f836e8_8a26890dfe214ea29f139e69d419a633~mv2.webp/v1/fill/w_190,h_121,al_c,q_80,blur_3,enc_avif,quality_auto/Central%20Bank%20SBI%20Card%20Elite.webp"
79,IDFC First Classic Credit Card ,"25% discount on movie tickets up to ?100 on the Paytm mobile app (valid once per month).; Customers can get discounts of upto 20% across 1,500 restaurants and 25-75% discounts on movie tickets every month.",https://tse3.mm.bing.net/th?id=OIP.LlxJmKxRB5yZ84BcGo6AwQAAAA&pid=Api&P=0&h=180
80,IDFC First Earn RuPay Credit Card,25% discount up to ?100 on Paytm movie tickets.,"https://static.wixstatic.com/media/257766_45a69e4215d440178dc05374378bcf87~mv2.jpg/v1/fill/w_99,h_64,al_c,q_80,usm_0.66_1.00_0.01,blur_2,enc_avif,quality_auto/Samman-card-img-397x257px.jpg"
81,Axis Bank MY Zone Credit Card,"Users can get 100% off on a second movie ticket at Paytm movies upto Rs 200, applicable once per month.","https://static.wixstatic.com/media/f836e8_f4a312f655e14e0eb957c4e1e97622a6~mv2.webp/v1/fill/w_190,h_121,al_c,q_80,blur_3,enc_avif,quality_auto/Axis%20Bank%20Myzone%20credit%20card.webp"
82,RBL Bank Platinum LifeEasy Credit Card,BookMyShow offers: A 1+1 movie ticket once a month (up to Rs 200). Cash instantly and pay back in instalments with Dial for Cash program.,https://www.dbs.com/in/credit-cards/assets/images/spark/spark-card.png
83,IndusInd Pioneer Legacy Credit Card,"Buy 1 get 1 movie ticker free every month, can be used thrice every month. Price of free ticket is capped at Rs 200.; 3 free movie tickets per month on BookMyShow.","https://static.wixstatic.com/media/257766_7d5030cb639e4cc88763c26fecf7759b~mv2.jpg/v1/fill/w_99,h_63,al_c,q_80,usm_0.66_1.00_0.01,blur_2,enc_avif,quality_auto/pioneer_legacy_world_card.jpg"
84,UCO Bank SBI Card Elite,"Free movie tickets worth Rs 6,000 every year. Maximum permissible discount of Rs 250 per ticket.","https://static.wixstatic.com/media/f836e8_6132f6967c724892bcd675522956cb29~mv2.webp/v1/fill/w_190,h_121,al_c,q_80,blur_3,enc_avif,quality_auto/UCO%20SBI%20Card%20Elite.webp"
85,ICICI Bank Manchester United Platinum Credit Card,Users will get 25% discount on movie tickets (up to Rs 100).,"https://static.wixstatic.com/media/2a565f_535acc6b809648c5afe2de46cbf09aaf~mv2.webp/v1/fill/w_71,h_45,al_c,q_80,usm_0.66_1.00_0.01,blur_2,enc_avif,quality_auto/easy.webp"
86,RBL Platinum Maxima Plus Card,Other Benefits: The Cardholder gets one complimentary movie ticket free up to Rs 200 every month on the purchase of 2 or more tickets at BookMyShow.,"https://static.wixstatic.com/media/257766_4441b6df48b14dfbb87d689466dd0958~mv2.jpg/v1/fill/w_134,h_78,al_c,q_80,usm_0.66_1.00_0.01,blur_2,enc_avif,quality_auto/WhatsApp%20Image%202024-02-21%20at%2002_15_46_f6abcc11.jpg"
87,Bank of Baroda ETERNA Credit card,Other Benefits: Buy one get one free offer on movie tickets with District upto INR 250 per month.,"https://static.wixstatic.com/media/45c85e_74992885517e46ec8a1703f32f5ccf66~mv2.jpg/v1/fill/w_67,h_43,al_c,q_80,usm_0.66_1.00_0.01,blur_2,enc_avif,quality_auto/moneytap.jpg"
88,American Express Platinum Reserve Credit Card,"Users can enjoy a movie or online shopping voucher worth Rs 6,000 per year.","https://static.wixstatic.com/media/2a565f_d3bf461a1dbd4e2eb36c26c9ef765baa~mv2.webp/v1/fill/w_100,h_77,al_c,q_80,usm_0.66_1.00_0.01,blur_2,enc_avif,quality_auto/american-express-platinum-reserve-credit-card.webp"
89,Indusind Pinnacle Credit Card ,Buy one movie ticket and get one free up to 3 times a month at BookMyShow. Price of ticked capped at Max Rs 2000.,https://www.myrupaya.in/credit-card-products/indusind-pinnacle-credit-card-
90,HDFC Bank Harley-Davidson Diners Club Credit Card ??,Users will get a buy 1 get 1 movie ticket offer on all weekend shows at BookMyShow.,"https://static.wixstatic.com/media/f836e8_8854fcfc978944448f1eb904b79714c0~mv2.webp/v1/fill/w_190,h_121,al_c,q_80,blur_3,enc_avif,quality_auto/HDFC%20harley%20Credit%20Card.webp"
93,Accelero ICICI Bank Credit Card,"Avail of 25% discount, up to Rs 100 on the purchase of a minimum of two tickets per transaction 2 times every month on BookMyShow and Inox.","https://static.wixstatic.com/media/f836e8_ea7fe913075e432b94f322c577f5e0f2~mv2.webp/v1/fill/w_190,h_121,al_c,q_80,blur_3,enc_avif,quality_auto/ICICI%20Bank%20Accelero.webp"
95,Axis Bank Reserve Credit Card,Users can buy 1 movie ticket and get up to Rs 500 off on the second ticket (5 times a month).,"https://static.wixstatic.com/media/f836e8_4ad4c8a6268f4fe097d6e693c5819ebb~mv2.webp/v1/fill/w_190,h_121,al_c,q_80,blur_3,enc_avif,quality_auto/Axis%20Bank%20Reserve%20Credit%20Card.webp"
96,Yes ELITE Credit Card,"Other Benefits: Golf program, Movie ticket benefits, credit shield cover of 3 Lac, and lost card liability Rs 3 Lakhs.","https://static.wixstatic.com/media/45c85e_a0ed69ed444a4f21a097035a89dcafc6~mv2.jpg/v1/fill/w_165,h_253,al_c,q_80,blur_3,enc_avif,quality_auto/image%20(1).jpg"
97,CITI Cashback Credit Card,"Additional benefits:Depending on the specific version, you may get additional benefits like discounts on movie tickets, phone bills, or dining.","https://static.wixstatic.com/media/2a565f_d314ca29565a401e80b9ba48898f4def~mv2.webp/v1/fill/w_125,h_79,al_c,q_80,usm_0.66_1.00_0.01,blur_2,enc_avif,quality_auto/Citi-Cash-Back-Credit-Card.webp"
98,RBL Bank Movies and More Credit Card,"Other Benefits: Users will get 2 free movie tickets worth Rs 250 each at BookMyShow on monthly spend of Rs 15,000, and 1 free movie ticket up to Rs 250 at BookMyShow on monthly spend of Rs 10,000.","https://static.wixstatic.com/media/2a565f_6c7edaed4c164ab8ae8ccc1f750b9c43~mv2.jpg/v1/fill/w_345,h_230,al_c,lg_1,q_80,enc_avif,quality_auto/MM.jpg"
99,RBL Bank Shoprite Credit Card,Users will get a 10% discount (up to Rs 100) on movie tickets on BookMyShow 15 times a calendar year.,"https://static.wixstatic.com/media/f836e8_9a1e9d6310c2406f89a810c9ae230ecd~mv2.webp/v1/fill/w_254,h_169,al_c,lg_1,q_80,enc_avif,quality_auto/RBL%20Bank%20Shoprite%20CC.webp"
100,Indusind Legend Credit Card,"Buy 1 movie ticket and get 1 free on BookMyShow, once a month, capped at Rs 200 per ticket.","https://static.wixstatic.com/media/2a565f_00bcda55cc4947b3857107bd231b2f6c~mv2.webp/v1/fill/w_345,h_230,al_c,q_80,usm_0.66_1.00_0.01,enc_avif,quality_auto/Legend_card-image_396x257px.webp"
103,IDFC Bank First Millennia Credit Card ,"25-75% on movie tickets every month, and Upto 25% across 1,500 restaurants.","https://static.wixstatic.com/media/f836e8_bf98901e60b24f228c6a02363a079e1a~mv2.webp/v1/fill/w_254,h_169,al_c,lg_1,q_80,enc_avif,quality_auto/IDFC%20First%20Millennial%20Credit%20Card.webp"
104,RBL Bank Play Credit Card,"Users can get up to Rs 100 off, on any food and beverage items by booking movie tickets on BookMyShow.","https://static.wixstatic.com/media/f836e8_911851121a1d489ebd71a9254ffaee8e~mv2.webp/v1/fill/w_254,h_169,al_c,lg_1,q_80,enc_avif,quality_auto/RBL%20Bank%20Play%20Credit%20Card.webp"
105,RBL Bank Platinum Delight Credit Card ,"Movie Discounts:For movie enthusiasts, the card offers exciting movie discounts of 10% (up to Rs 100) on movie tickets at BookMyShow.","https://static.wixstatic.com/media/f836e8_cf7331bf805f4884853eefab6aa859f9~mv2.webp/v1/fill/w_254,h_169,al_c,lg_1,q_80,enc_avif,quality_auto/RBL%20Bank%20Platinum%20Delight%20Credit%20Card.webp"
107,Federal Bank Mastercard Signet,"Buy One Get One on INOX movie tickets, once a quarter.","https://static.wixstatic.com/media/f836e8_9dd8e1b87a034633a9ab82d5a9273516~mv2.webp/v1/fill/w_254,h_169,al_c,lg_1,q_80,enc_avif,quality_auto/FB%20Signet%20CC.webp"
108,RBL Bank Platinum Advantage Credit Card   ,"Users will get a 20% discount on bookmyshow, 15 times in a year up to inr 100 in each transaction","https://static.wixstatic.com/media/f836e8_6132f6967c724892bcd675522956cb29~mv2.webp/v1/fill/w_190,h_121,al_c,q_80,blur_3,enc_avif,quality_auto/UCO%20SBI%20Card%20Elite.webp"
109,,,https://tse3.mm.bing.net/th?id=OIP.LlxJmKxRB5yZ84BcGo6AwQAAAA&pid=Api&P=0&h=180
110,,,"https://static.wixstatic.com/media/f836e8_a407a347c01646ffb7d75e7e52669e92~mv2.webp/v1/fill/w_190,h_121,al_c,q_80,blur_3,enc_avif,quality_auto/SBI%20Card%20Shaurya.webp"
112,,,"https://static.wixstatic.com/media/f836e8_8295c673d43e471d8a8c2e7e24a1668e~mv2.webp/v1/fill/w_190,h_121,al_c,q_80,blur_3,enc_avif,quality_auto/RBL%20Platina%20Maxima%20CC.webp"
113,,,"https://static.wixstatic.com/media/2a565f_ae50c76fdd554a4995d68452135434d1~mv2.webp/v1/fill/w_147,h_98,al_c,q_80,usm_0.66_1.00_0.01,blur_2,enc_avif,quality_auto/bob-eterna-credit-card-review-1024x682.webp"
114,,,"https://static.wixstatic.com/media/2a565f_d3bf461a1dbd4e2eb36c26c9ef765baa~mv2.webp/v1/fill/w_100,h_77,al_c,q_80,usm_0.66_1.00_0.01,blur_2,enc_avif,quality_auto/american-express-platinum-reserve-credit-card.webp"
115,,,"https://static.wixstatic.com/media/2a565f_baea33a611ea4775b6a0181aefe30ffd~mv2.webp/v1/fill/w_100,h_77,al_c,q_80,usm_0.66_1.00_0.01,blur_2,enc_avif,quality_auto/platinum-shopsmart-supercard.webp"
116,,,"https://static.wixstatic.com/media/2a565f_8192af93b621422ebba5d3116b11875f~mv2.webp/v1/fill/w_100,h_57,al_c,q_80,usm_0.66_1.00_0.01,blur_2,enc_avif,quality_auto/credit-card-bill-payment-1.webp"
117,,,https://tse3.mm.bing.net/th?id=OIP.LlxJmKxRB5yZ84BcGo6AwQAAAA&pid=Api&P=0&h=180
118,,,https://tse4.mm.bing.net/th?id=OIP.1AjY2CJBFQo2G4fgA7ErOwHaFA&pid=Api&P=0&h=180
,,,https://www.myrupaya.in/credit-card-products/indusind-pinnacle-credit-card-
,,,"https://static.wixstatic.com/media/f836e8_8854fcfc978944448f1eb904b79714c0~mv2.webp/v1/fill/w_190,h_121,al_c,q_80,blur_3,enc_avif,quality_auto/HDFC%20harley%20Credit%20Card.webp"
,,,"https://static.wixstatic.com/media/f836e8_ea7fe913075e432b94f322c577f5e0f2~mv2.webp/v1/fill/w_190,h_121,al_c,q_80,blur_3,enc_avif,quality_auto/ICICI%20Bank%20Accelero.webp"
,,,https://www.rupay.co.in/images/rupay/rupay-credit-card-digital-onboarding/ICICI-Cards_Rubyx.png
,,,"https://static.wixstatic.com/media/f836e8_4ad4c8a6268f4fe097d6e693c5819ebb~mv2.webp/v1/fill/w_190,h_121,al_c,q_80,blur_3,enc_avif,quality_auto/Axis%20Bank%20Reserve%20Credit%20Card.webp"
,,,"https://static.wixstatic.com/media/45c85e_a0ed69ed444a4f21a097035a89dcafc6~mv2.jpg/v1/fill/w_231,h_354,al_c,lg_1,q_80,enc_avif,quality_auto/image%20(1).jpg"
,,,"https://static.wixstatic.com/media/2a565f_d314ca29565a401e80b9ba48898f4def~mv2.webp/v1/fill/w_125,h_79,al_c,q_80,usm_0.66_1.00_0.01,blur_2,enc_avif,quality_auto/Citi-Cash-Back-Credit-Card.webp"
,,,"https://static.wixstatic.com/media/2a565f_6c7edaed4c164ab8ae8ccc1f750b9c43~mv2.jpg/v1/fill/w_345,h_230,al_c,lg_1,q_80,enc_avif,quality_auto/MM.jpg"
,,,https://tse3.mm.bing.net/th?id=OIP.LlxJmKxRB5yZ84BcGo6AwQAAAA&pid=Api&P=0&h=180
,,,"https://static.wixstatic.com/media/f836e8_9a1e9d6310c2406f89a810c9ae230ecd~mv2.webp/v1/fill/w_254,h_169,al_c,lg_1,q_80,enc_avif,quality_auto/RBL%20Bank%20Shoprite%20CC.webp"
,,,"https://static.wixstatic.com/media/2a565f_00bcda55cc4947b3857107bd231b2f6c~mv2.webp/v1/fill/w_345,h_230,al_c,q_80,usm_0.66_1.00_0.01,enc_avif,quality_auto/Legend_card-image_396x257px.webp"
,,,"https://static.wixstatic.com/media/f836e8_bf98901e60b24f228c6a02363a079e1a~mv2.webp/v1/fill/w_254,h_169,al_c,lg_1,q_80,enc_avif,quality_auto/IDFC%20First%20Millennial%20Credit%20Card.webp"
,,,"https://static.wixstatic.com/media/f836e8_911851121a1d489ebd71a9254ffaee8e~mv2.webp/v1/fill/w_254,h_169,al_c,lg_1,q_80,enc_avif,quality_auto/RBL%20Bank%20Play%20Credit%20Card.webp"
,,,"https://static.wixstatic.com/media/f836e8_cf7331bf805f4884853eefab6aa859f9~mv2.webp/v1/fill/w_254,h_169,al_c,lg_1,q_80,enc_avif,quality_auto/RBL%20Bank%20Platinum%20Delight%20Credit%20Card.webp"
,,,"https://static.wixstatic.com/media/f836e8_9dd8e1b87a034633a9ab82d5a9273516~mv2.webp/v1/fill/w_254,h_169,al_c,lg_1,q_80,enc_avif,quality_auto/FB%20Signet%20CC.webp"
,,,"data:image/jpeg;base64,/9j/4AAQSkZJRgABAQAAAQABAAD/2wCEAAkGBw8QEBAOEA8PEA0NEA4PEBAQEA8PEA8QFREWFhURFRUYHCggGBolGxMTITEhJSkrLi4wFyszODMtNyg5LisBCgoKDg0OGxAQGy0lICUrKy0rLS0tLS0tLS0vLS0tMi0tLS0tLS0vListKy0vLS0tLSstKy0tLS0tLS0rLS8tK//AABEIAKoBKQMBEQACEQEDEQH/xAAcAAEAAQUBAQAAAAAAAAAAAAAABAECAwUGBwj/xABLEAACAgEBBAUIBQkFBQkAAAABAgADEQQFEiExBhNBUWEHIjJxgZGhsRQjQnKyM0NSYpLB0dLwRHPC0+FTgqKjsxUWFyQ1Y2R0g//EABoBAQADAQEBAAAAAAAAAAAAAAABAgMEBQb/xAA1EQEAAgECBAMGBgEDBQAAAAAAAQIDBBESEzFRIUFxBRQyYYGxIpGhwdHwIzNS4RVDYnLx/9oADAMBAAIRAxEAPwDsZ6DyiAgICAgICAgICAgZdN6Q9vykSmOqbKrkBAQEBAQEBAQEBAQEBAQEBAQEBAQEBAQNbLsyAgICAgICAgICAgZdN6Q9vykSmOqbKrkBAQEBAQEBAQLd8d494kbwbwb47x7xG8I3hUMDyIMbpVkhAQEBAQEBAQEBAQNbLsyAgICAgICAgICAgZdN6Q9vykSmOqbKrkBAQEBAQEBAQPPdpAdfdw/PXfjM+bzR/kt6z93zWeP8tvWfuj7o7hMtme0Oj6Hc78Dsp8P056ns3rf6fu9T2Z1v9P3dMpzPVeqrAQEBAQEBAQEBAQNbLsyAgIGl6W9IU2fp+vZd92YV1V5xvuQTxPYAASfd2zPJfhhrix8cvNP/ABS2jknc0mD9nq7MD27+ZhzrOnkUTNN5UtZ9rT6VvV1q/wCIyedZE6erY0+U6w+lo6/929h80Mnnz2R7tHdOo8o6H0tIy/duD/AoJPP+Svu3zTK+n+mPOjUD1dU3zYSefHZHu090urppo25i5fXWp+TGTzqo93skp0p0R/OsPXXZ/CTzqq8i6ZpekGj3h9evbzDr2eIkzkr3Iw3iejYptnSnlqaPbYi/MyvHXunl27M6a2luK3VMP1bEPyMnijujht2Z1YHiCCPA5k7o2lXElBAQKNyMCDLsiAgcXrvytv8Ae2/jM+Zz/wCrf1n7vn8v+pb1n7o5aRWkTG6jpOhh43//AI/456Ps+Npv9P3en7M63+n7ulTl7/nPTl6q6AgICAgICAgICAga2XZkBAQPOPLSfqdGP/du/As58/k6tN5uL6LdErteUZbK6qbNSNGbG88pe9TPUGQcQrldwN3mc7rdKeiumGhtatH65tnrtGt7Dmyq3SXdTr9KSMAr528OGeHhA4+qEJdUCVXAlVwJVckSa4EmuBnUQLXUc8DMJYzqLB6LuPUzD5GEbMuj1OvsYpRbqXcKzlUtsJ3V5nn2Sd5Rwx2Rf+82uXlqrfaQ/wCIGOK3dHBXssbpptJf7USO406c59u5n4yeZbujlU7MbeUDaC9tDfeqP7mEtzrKcijGPKlrUPn0aVx+qtyf4zJ51ke7UdF0N8oY1t40t1IptsDGpkYsjlQWKHI804BIOeOMevSmXedpZZMHDG8OobYtLuzEvlnJOGHNjk9njML+z8Vpm07+O8/3weXOix2tMzv4srdF6M+lZ71/hIjRYojbx/v0W/6fi7ynbL2VXp97cLHf3c7xB5Zxjh4ma4sFcczNfNvg09cO/D5pqcvf85tLddAQEBAQEBAQEBAQNbLsyAgIHmvlqP1eiH6+o/Ck58/k69N5uY6E9K6tFu1XUs1H0yjW2vVxusbToxopwSAFFpDE85zup2LbQrGz7rRclqUbL1Ond0PmttDauoFrUp37ig57vZA85qhCXVAl1wJNcCVXJEmuBJrgSEgWvCUayBvfJ6m9rgCSE6m/rN3gxrC5Kg9hOAM92cYPEQhj2mmj1mztTradIukt0OorT6s+ZbVa+BWQABvLvDs7B3wOc1nRXXp1mdM31Sl3KvS4CjfzjdY7xHVWZUZI3TkQNLqtj6oC8mh8aQldRyPUkAk72D2BSeHYMwNXqtjaveK/RdQWDbhUVOSH3VbdwBz3XQ4/WEkSehKPXtPQ7ysha2thvAqWR1O6wzzBB4HtlqfFCmT4J9Hv6g559o7J2vNhOwe8e7/WUamD3j3f6wKqMQKwEBAQEBAQEBAQEDWy7MgICB5n5a/R0I/W1XyqnPn8nXpukvLpzulJp7uznjsz3/E++BOqgS6oEuuBJrgSq5Ik1wJNcCQkC14EayBn2Ntd9Hd16Irt1dle62QMOME8IFOkXSzWaypaLmrWlCG3KkNYdgMBnyTk/DwkDNd5QdSetL0ad2ureok9cF3CbSFKB8MB19g48xjOcQNXqOmQ39S/0JN3Wnfvr69yrsUsRz5ykgFbeQIwVB48QQxDyk2qxZ9JU7WP1tpSxqw9o3FSwAg7pFde5zOd4nh2EtPsrav0vbGj1JTcstv0wtAYFTYoCFkAA3FIA83kOzhgC9Pihnk+CfR7svMesTtecnyjQgICAgICAgICAgICAga2XZkCHtLaNenUM+SzcERfSc+Hh4zHNnpirvZnky1xxvZyuu21qLT6ZqTsSskH2vzPwnj5dblvPhO0fL+XmZNZe3w+CEmhr1wKOpv6oMfPJYrkcd0k8Cd3s7phGTL3n81aZdTWfw2n83IdJeiRpQ6nT7z0LxsQ8WqH6YPavxHq5deDUcfhbq9jQe0Od+DJ18p7/wDLnaZ1PVT6oEqqBLrgSa4EquSJNcCTXCUhIFrwhGsgRbYEO2BCukCBfA1eqgbHoR/6loP/ALdH4xLV6wrf4ZfSs63CQEBAQEBAQEBAQEBAQEDWy7MgcPtW822WWnlnq6/BR/Hn7Z85qcs5Msz9I9Hh6jLOTJPZj2HpatT1lVrWLYOK7jKAU7eYPEcPf4TOsQvjpXqmjV6XZeaqzZdZ1wFrOD9SuMlyQoD8lAA789nHXwiZ7uqYiJmd/wAXhtDY6TTUWJZfXaH07bxCGs4wxI6vjjIzw5SnDtMzEsOXFZm9Z228vn2eMba0H0bVX6cejTYwTPPcPnJ/wlZ6lJ4oiX02PJx0i3eHc7P6M6XcTeUsxUEsXYZJHcDPIvrM3FO0/o9Wunx7eLaUdFdJgZqOe36ywY9XHuk+95e/6Qe74+ym2OjGmr09ttYKPUu+PPZgQOa4J7ptg1GS14izLLhpFZmHI1z0XGlVyRJrgSa4SkJAteEI1kCLbAh2wIV0CDfIGq1UCf0MONo6A/8Ay9P/ANQSa9YRbpL6XnY4CAgICAgICAgICAgICAga2XZggcFcCFZe1LGBHw/dPlrRtaYl87aNrTE92Xopo3suN+CFqyBw5sVIx7iT7u+XrDqx1mDplszUNY1ioHrueqlShJKfVhVNnDgPM58s8O0S/D4zbybzWOKcm/hG38N7svZ1tekWmwIttW4+EOQwVSO4cd059fria+E/mpbHM1t67vIOnuoH/aOrwAcGtT95aUU/EGehi8KQ+g0sbYaxPZ6ps6kbieaR5q9ngJ4Mx4y9+Ojb0UjHo9vLh35mkQjdG6WeZs/WOF4rp7CMgY9uDmdGCPxwxy/BLxFekFg/N1f8z+aeq89kHSW0fmqf+b/NAvHSu4fmdP7Rd/PAyL0wvH5jTe6//MgZF6bXj+z6T3an/NgUbppefzGlHs1H+bCWJult5/Naf9m7/MgYW6TXn7FP7Nn88IYW2/cfs1fst/NAxNte0/ofsn+MDC2vsPPd90DC9pPPEDa9Fa2XXaFyjBBqtM28VIXd6xfOzyx4y8Ut4TspN67TG76VSxW4qwYd4IPynU4l0BAQEBAQEBAQEBAQEBA1suzIHL9JNnsjHUIpatx9ao4lT+nju755Gu0s8XMr9f5edq9NNp46/VoLKkccgQRPMedFprLbdErvoyujDNeSyAdvep9oHvM0rfad3VXUV4uKf/rHtPa1WjqfVXYa1yzInJr7jxx6snJPYPZLYcc3t91tLgtqMvj9ZeNai5rGexzvWWMzu3DLMxyT7yZ6j6qI28HcaDyl3VoiNpanZFCl99l3sDGcY4TinRV33iXVGpnbokV+Va5VAGjpyuN0m2zHPtGOMtGkjuj3meyBt/ylazV6ezSmqiqu4BXZN8uUzkqCxwM4mlMFazupbNNo2cXN2JAQEBAQEBAQEBAoYHqOl0qOlKsuQulrOMkYPmjs9c+jx1iaUj/xj7Pkc15rfJMf7p+8qnZNOchSp7wePxl5w1UjVZI82w2EtlWq04rutId2Xcex+rPmNgMB2Z8JzajDWtJmHbpNTe99rS9D2VrOuqWwruPl0dM7wSytyjqD2jeU4PaJwTG0vUS5AQEBAQEBAQEBAQEDWZl2ZmBD2zYV097A4IqswRzB3TxlqfFCt5/DPo80pYjkSOfI/uPCbZtDp83xV8e8eE/p+7x7ePVKTWWct/HiFGfjw+E5K+xdPE+M2n6x/DPhr2c900TNVdhJawWFN5jk7pUnHqyvLxmmr0+PFjrGONvF63sq8ze1fLZyM857hAQEBAQEBAQEBAQEBAQKGB6VqiQmnwSPqK+0g8p9FHwV9IfJ/wDdv/7T90cW2YZg1m6mN4hmwuTgZkcU91uCOmyf0e1T/SaWyWKMzAMSQSFPCZ5Z3pLbT1iMkbQ6ryaa221dR1jl/Ors4/p2F2cjuyeM5s1YiI2dmG82taJdrMHQQEBAQEBAQEBAQEDTlzNNmO7KJCzDq9OLa3qJIWxWQkcxkYyJMTtO6JjeNnI1dD7es3WsQVAnzx6RH3ewzq94jbp4uL3SeLr4Oe8p9I0f0NdOzIX+k77ZyXK9XjOeHaeztnFm1GSJiYl6On0uGazE13cRrtsW3VrVZu4Vt/eAIJOCP3mY5dTfLWK2b4NHjw3m1PNr5zuogICAgICAgSNPobrFZ66bHRMlmVGZVxjOSOWMj3iBsKOi2vclV0thZW3GXzQynd3uIJ4DHbyzw58IGs1emepzXYpSxQpKnGQGUMOXgQfbAxQEBAQAUngBkngAOJJPZA9I2kMLSv2kqQH14n0do2rWPlD5Kk73tPeZbpdPWumoRMMl1QtsPPftOQyn7uN3Hh4y2GN6zv3U1M7ZI2npENR0aKJrawSDUt+5luIK727x8PGc14/DaId2O34q2n5PQehOmrSvU7iKp+mamvgMeYj4RfUMnHrnJkmZ29HdjiI39XRzNoQEBAQEBAQEBAQEDSmasGYSq6sCm9xxA8t8s/paL1ar51Tmz9Ydel6S82mDpICAgICAgICB13RPS3HT76azUUVHUhGrqUFWVrNNTZvEnG8RqkwCCD1Rz4Epmk2XY5tNuq13WqtbllvZetsd2VKMlCN96mqx52c2eiwzgOR21WE1OoQO1grutQWO2+zhXIBLdpwOcIQ4CAgIG06LqDrNOCMjrPkCZ0aSN81fVy66dtPf0djrz9Y/3jPcv1fOY/hhg3zjdBO6eYBIB9kov81qLxiEzL1DoGS2le0ggajU6q1cjB3TYRn4Gedfrs9enj4/3o6OUWICAgICAgICAgICBq+rH9EzRlszhB/RMqsruD+iYFy1Lg8PiZG6dvB5N5bEAfRY/R1J+Ncwzz4w6dNG0S8zmDpICBSAzAz0aS2z8nVY+SB5iM3E8hwHOAOjt4/VW+apdvq381BZ1Zc8OA3/ADc9/DnAt1Onep2qsRktrYo6OCrIwOCpB5GBjgXLawBUMwUkMVDEKWGcNjvGTxgbCrYest3T1Nh6wAhm4DAGASSeHDlmZTmxx5uW2u09d97x4IOo071sUdGRgSCGBHEfOaVtFo3h0UyVvG9Z3hjkrEBAQJWytZ1F9d+7vdU29u5xnhjn7Zphycu8X7Ms+Lm47Y99t29TpCLrVXcKm2xVzkEDeYDPxnfbXxM/C82vsvhjabPUK/J4Ptatj92kL83MtOpnsrGlr3SK/J/pxz1GoPq6pf8ACZHvFk+7Y3W01KiqigKiAKqjgAAMACYTO7oiNl8BAQEBAQEBAQEBAQIssoSBTMCRT6JkT1Xjo8j8uf5TQ/c1H4q5z5urpwdJeXzJuupcKysyh1VlLISVDqDkrkcRkcMiB6HptHsOo312tRZXXusLBYXsdbDc6hcNx3azpwQvEMGHOEqWa/ZFdlVli6ZzpkKWpp6aylz2UaZHNeFUMgLatgW85WUY4cIETam39BXSU0nHUqmhAtFJRbLNG1YrsG8ARvKbc5GSVGecDJd020oXcpptWqo6zqKWTzCL9MFIcrcMfWtax81jukYKmBTUeURTjGj3hvs56y0ZKm43dUcKcpvnOIHI7b2m2quOoZQtjpUtm6eDuiBC+OwndBI78whBgdR0M2VVb1l1qFhUQEBzub3A58TOPVZZr4Q8j2pqr49qUnbfr3esanRroakayqm698by2nzU4Z3ET0TjkSZTlRjrEzEb/Nzzp6abHE2iJtP+7f8ASNp/Np9s7Nq2pQyihdPbWhuHVtgndByBXgjOM8jg+PMRS8b8VYiJ+8eiuDP+Ob4qxExE7xE/FHpt+U/m8XII4HgRwI7jPQfQkBAQKZgbjolsq3V6yiqpS2La3dgCVrrVgWdj2DA9p4dsmI3lFpiI3l9LEzrcBArJCAgIFYCAgICAgICAgRJKikDWHpBpP9unub+E05V+zLnY+7Np+kGlbCLchdyFUYbJJOAOUicV+uy9c9OkS818tz5t0XhXf+JJyZuru08+EvM5i3IFIFYCAgIFMwMlFLWHdRWdj9lFLN7hA9G6HLdXpgt1TIarAyo6FGZM5zgjt3SPZPN1W1cm/pL5v2lw01MW9Jn+/R6p0rexqespYGpgHJABLIRkMMg9hBnVmtaK8VHpa2+WMXHhn5/Rd0bp09OlaxOK7ju5bi2QCSD8YxcNaTaPWUablVwTkid4neZmev8AYeWP5LrLXe19aiG1msKrQzlSxJxxYd86sWGeCN+0OjDliuKtdukRH6J1Hko0g9PVahuH2Fqr4+0NNeT81+f8my03k02WvpLqLf7y4j8AWTyoVnPZs9N0J2TX6OiqOf8AaNbb+NjiTy6q823dtNLsbRV/k9JpU+7RUPbyluCOyOO3dskIHAAAeAxJ2V3ZA0IXAwK5gVgVkhAQECsBAQEBAQECGQe4yVdlvHuMGzyRzxPrM9XyeHPVK2M3/mdP/f0/9QSmT4J9JaYY/wAlfWG28qXR27W103adest03WBqx6T1vunK55kFeXbnwnjZazPjD6HDeI8JeX0dF9oPwXRar/epdB72AmPDLo4o7p9XQLajf2YKO97tOuPZv5+EtwW7K8yvdsKvJlrj6VulQduXtY/BP3yeVZXnVT6vJaft61R9ygt8S4k8qUc+OyfV5MtGPT1Opb7oqr+atLcn5qzn+Sdp+gGzEGDXdb42XNk/sbo+EmMUKzmsn6fotsyv0dHScfp71p/4yZbl1V5tu7YafR6Wv8np9PXjkUpqUj2gSeGOyJvbuljV4GAcDu7PdJ2V3QdpKtqjiA6kFW8O1fUR/XCYanBzabebDUYYy04Vdmbav046goLafsq2eGeYVxyGewj1Tz4pnw7V4d4/vn/LlxZdTp4ik14o8vl9f5UTVDiqIKKWdXapWZ95lORknkM44ADl4DG2DTW33tHDG++3Xf8A4XxYrWmd68Fd4nbffeY/b0SPp4npO1Ua2BlTUkwJCWmBnR4GVWgZVaBkBkC8GBdAQKyQgICBWAgICAgIFuQeOJRfwaPU9I9OjOhWzeRmU4VcZU4OOPhOS2tx1mYnfwcd9dirMxO/h8nHv0U1OT51PH9Z/wCWe37zT5uedHfvC/RdG767arC1W7XZW5wzZwrAnHm+ErbPWazC1NLatoneHWtbOR3sTWwMbWwMbXQMTXwMTarxgYm1kDEdYYFp1LQLetaA86BcK2gXrSYGZaoGetIEmsQJCQM6QMyQMyQMogXiBcJArAQEkVgICBWAgICAgRxwEo0hy+u6OMz2P1qgO7vjcPDeJOOfjPOvoZtaZ4usz5PMyez5tabcXWZno2bmeo72FjCFrQljMDC5MDA+9AwtUxgW/R4AaaBeNN4QLhp/CBeKIF4ogXiiBeKIF60QMq0wMyVQMq1wMqpAyqsDIogZBAuEgXQKyRWQEBJFYCAgVgICAgQGc98jZO7C7HvjY3lhZZKGMpAtKQKGuBaaoFhpgW9RAfR4Fw08C4aeBcNPAuFEC4UQLhTAvFMC4VQLhXAvCQLgkC8LAuAgXgQLhAqIFwgVgBArICBWSEBACBWAgIGvaBYYGMwLYFICBSBSBSBXECogXQKiBWBcIFYFRAqIFwgVEC4QKiBdArAukCokisC6AgVkBACSKwEAIFYCAgf/2Q=="
,,,

